7.144465467490923594e-01,7.279761699411400055e-01
-7.136487820451102859e-01,7.409218324290919311e-01
-9.178248960384307598e-01,-4.352921549719616645e-01
-7.205699679197070662e-01,-6.896586885715514370e-01
-3.438576728232348861e-02,1.009867758866316967e+00
-4.551105923117781393e-01,9.054462267362800576e-01
-9.371555825049910915e-01,-3.325288359856903297e-01
-1.007512157574695255e+00,5.237456043540666441e-03
6.090635724467322598e-01,8.006881282111436571e-01
-9.202870225299008000e-01,-3.501540130397684525e-01
-6.457133136904876780e-01,7.529204420637032324e-01
-6.499761069888998488e-01,-7.396111416848588638e-01
-8.470162021378790929e-01,-4.778242820375236954e-01
-7.722109673668619001e-01,-5.872617419312877729e-01
-6.041920562970549691e-01,-7.795941394183227846e-01
-5.936989948380994031e-01,7.876396328666155355e-01
-7.743605582370228779e-01,6.146013180760779848e-01
-6.760021367714545981e-01,-6.923455347429311457e-01
-8.543225489705627007e-01,5.001720666075417654e-01
-9.828159986572567730e-01,1.440568985587860895e-01
-9.697330541553559335e-01,2.248944171967290628e-01
-9.212852896710865824e-02,-9.950943153130136221e-01
-4.411572345711755605e-01,-8.830124116531922196e-01
-7.457906028606103854e-01,-5.924179694129960705e-01
-7.177289964719839599e-01,6.613914957788878946e-01
-9.805852285102418797e-01,7.286802697251930361e-02
-9.720725359273542088e-01,-8.420903905034943238e-02
1.471613733447633444e-02,-9.973877821550805045e-01
-8.960382340434235315e-01,4.174184743615303450e-01
-5.470892563674280007e-01,-8.076599848406319504e-01
-2.785043696762822263e-01,-9.392719910735636279e-01
-2.426693348388951343e-01,-9.509888806949666762e-01
-3.769883414952824308e-01,9.150187166191248167e-01
2.317460967577072983e-01,-9.774210210630258633e-01
-4.772222262660714698e-01,-8.353563437126594327e-01
-5.204168622585024773e-01,-8.084462492294541835e-01
-4.980342186923830683e-01,8.430219140552277501e-01
-2.853023241673036114e-01,9.409935752099859441e-01
-1.381915987625000897e-01,9.754410656238753363e-01
3.948150210002249194e-01,-9.248293540530989620e-01
-9.041403688829086072e-01,3.667437634493574405e-01
1.023679616050104046e+00,-6.812947648948232404e-02
2.821791701754989279e-01,-9.424416681834010268e-01
3.068790814330801808e-01,9.336537146496010076e-01
6.139294233292991176e-01,7.540089699431066217e-01
4.762781920139521064e-01,8.472312350661486136e-01
4.699564081001991189e-01,-8.716715420851171015e-01
6.065972573403070056e-01,-7.873790088750822758e-01
8.617761797810432611e-01,4.905205672406485751e-01
3.504565713472214683e-01,9.107096736297292106e-01
9.988037356764017938e-01,2.671689992791201340e-02
7.654759400095154653e-01,5.952362921288673059e-01
7.850304352873316294e-01,5.709394930934039714e-01
8.484115102293154909e-01,4.903672811061202674e-01
9.098157389477034007e-01,3.687002239796162706e-01
1.681755487911020808e-01,9.582108459711755621e-01
4.098752099360328249e-01,8.689942382881910010e-01
9.664431123081419495e-01,-2.710424816600769948e-01
6.602062984620242769e-01,-7.223875801859434009e-01
5.261388773091144611e-01,7.896620659770337003e-01
-5.051303895233041352e-01,8.047180705617834606e-01
7.125232725615828766e-01,-6.583656731832507880e-01
7.919391137724298702e-01,-5.704247475127355305e-01
7.555594888312066049e-01,-6.052305305112736233e-01
6.070098981944744843e-01,7.238949850355623772e-01
9.383630732949974629e-01,-3.030637869962666819e-01
9.635549344485895285e-01,-1.993407401862915818e-01
5.545560244044460685e-01,-7.878430332214975129e-01
8.619918225830963676e-01,-4.444932337414300716e-01
9.123647325723416301e-01,-3.501318169411096748e-01
5.867139987109052379e-01,-7.530383144891161784e-01
5.557157509947979745e-01,-7.795481559065314814e-01
-9.238637300380644346e-01,2.908101036859461752e-01
8.308035934619006913e-01,-4.870083897884062707e-01
8.199643498530508889e-01,-5.049840535476599612e-01
8.445064603937594283e-01,4.542122664051914671e-01
7.827150252538088715e-01,5.348485543106751283e-01
6.432312230407398745e-01,-6.846314126835155722e-01
-5.518554365203821588e-01,-7.720855627304128443e-01
-7.215844468165015790e-01,6.005975526749222082e-01
2.153801937936955235e-01,9.417866070744023155e-01
9.720506376133438708e-01,-1.326385933965320840e-01
-9.030923439377831485e-01,3.394604880567952399e-01
4.662045697388222387e-01,-8.281004751780209894e-01
-6.676913704058873300e-01,-6.519289831832943971e-01
-7.393383702201235252e-02,-9.694836049722678206e-01
-7.026160405167655165e-01,-6.117433490664523354e-01
2.272999175518080062e-01,-9.435040872750002361e-01
-5.962134676918554727e-02,9.647751327169817870e-01
-8.115582814291718572e-01,-4.783255253988918376e-01
-3.574484311130627368e-01,8.888770531698535482e-01
6.708234683586363767e-01,6.469012736668543484e-01
6.893156793538678384e-01,-6.155781387691204865e-01
5.809851275291508799e-01,-7.213308420468383941e-01
7.011440620032342030e-01,6.073489127851785518e-01
-6.931719749087391635e-01,6.218702828082308676e-01
-7.962106144355649562e-01,5.063525028430129193e-01
9.666074959528108135e-01,1.323513781405298850e-01
9.214488724017283472e-01,3.005933054420348305e-01
5.411540815607215338e-01,7.555478985362568123e-01
-5.994287119674239772e-01,7.043496750321288635e-01
-6.471010447608889216e-01,6.573628743722380596e-01
-9.441105605419369828e-01,-1.548261793069150849e-01
9.443271969990781889e-01,2.109403879659433045e-01
9.531617029459068524e-01,1.749484164893149174e-01
9.420313615904295501e-01,-2.225600384245765562e-01
6.046146528177512858e-01,6.888100678494828433e-01
-3.909685403902505296e-01,-8.665318100093006848e-01
4.779135286951632922e-01,8.061469942671689592e-01
-8.093873804358477919e-01,4.786635363198031845e-01
-8.657882205451811197e-01,3.870043823154582507e-01
8.760949807311150250e-01,3.670719229754300095e-01
-8.390917144652544346e-01,-4.328120907897058944e-01
-1.895347092334575545e-01,-9.371700091675083666e-01
-9.226148626122098184e-01,-2.334447604279805966e-01
-1.470816385865203191e-01,-9.363767364169238716e-01
-3.999136419537752118e-01,8.573263759716069909e-01
-5.411655474507049979e-01,-7.490132135427642890e-01
1.096980814717953695e-01,9.476868428277512857e-01
3.626666307348351270e-01,8.695079342371471176e-01
7.494988412303998926e-01,-5.388553320081279630e-01
4.506276720391731716e-02,-9.552746091337032119e-01
2.619814662745446610e-01,9.083855659603172761e-01
7.126862138948701630e-02,9.449061356813632795e-01
2.169157080423311443e-02,9.427422150081091745e-01
4.278549955527305437e-01,8.213279039585156260e-01
3.217788446396462887e-01,8.814528473410339071e-01
-1.481251248103993001e-01,9.305566582682442967e-01
7.486758611832677879e-02,-9.475579387608842330e-01
-2.157282269491766491e-01,9.149533830682571311e-01
3.784678717774396239e-01,-8.648415005007163980e-01
9.119928690695028317e-01,-2.347559437822011041e-01
1.188657660510991088e-01,-9.417762123372550587e-01
-9.385831338739222263e-01,-1.019847882269232231e-01
-8.074006989141032653e-01,-4.432004643568295821e-01
-9.474473160665948246e-01,-4.058039601878659502e-02
3.095474777155885482e-01,-8.884351192936856823e-01
6.435301575401511931e-01,6.406707955835616586e-01
9.056523810981473854e-01,2.575791843055990071e-01
-9.418717351173023777e-01,1.349228970820326792e-02
-4.692743959194877190e-01,7.965839037373568798e-01
4.269404375730255219e-01,-8.202546285884897426e-01
-9.190820665267417366e-01,2.007293622919780474e-01
-7.668817013228732549e-01,5.028748423168474257e-01
-9.293936139001333085e-01,1.183374771322300845e-01
8.902905862739828313e-01,3.033483586466071413e-01
3.630726628666002820e-01,-8.601060532636174427e-01
-8.170790763898754250e-01,4.210294109433249665e-01
1.542338391969659273e-01,-9.267450254038110957e-01
-5.430937949569173417e-01,7.325483186976839978e-01
2.495668255822924564e-01,-9.038568189158838750e-01
-7.034731892908877571e-01,5.681354016642355953e-01
1.889609691538393921e-01,9.166535759835483521e-01
-7.396753833553783020e-01,5.165150351364712344e-01
-2.566687726567022931e-01,-8.971687762840211411e-01
-9.178451767420447993e-01,-1.665287999697138144e-01
-7.450129349393478373e-01,-5.143839188953416297e-01
4.835204410379842499e-01,-7.700395279054600417e-01
-8.931939283944240193e-01,-2.465218390525382441e-01
7.124178386335268121e-01,5.490720157807468249e-01
9.370765497761800455e-01,2.266841223004078393e-02
-3.146034968105477225e-01,8.636698525241832680e-01
-5.214482982438259917e-01,7.269411028435234234e-01
-8.597671742106647308e-01,3.299749352356129428e-01
5.960327580620505827e-01,-6.814265862138313423e-01
9.219837961563962514e-01,1.234414911553617100e-01
-5.738906388727423868e-01,-6.941101395914160976e-01
5.151545075728991563e-01,-7.378421182740120265e-01
-7.681329160909962095e-01,-4.744557562075781831e-01
9.298826154936217225e-01,-8.606449746916865554e-03
-6.619725305269721360e-01,-5.899388480482664621e-01
-3.036905422584053049e-01,-8.726395107796872663e-01
-2.876007908010105862e-01,-8.783035382244840372e-01
-8.338916221442842502e-01,-3.759659148001346374e-01
-4.310558028082501214e-01,-8.077833208233239359e-01
-9.013699245375434987e-01,1.991528623892123429e-01
-4.257555376554168491e-01,8.011776031374719942e-01
-2.579222186701658065e-02,-9.264647054472630039e-01
6.435823801913901354e-01,-5.997169238807280589e-01
-6.321779595295810850e-02,9.180475862471888515e-01
-2.485134310921952860e-01,8.786151129684652838e-01
-2.150500804718846193e-01,8.846605235429769731e-01
-3.732209086182132762e-01,8.165910095098777299e-01
-4.899592905982274593e-01,7.427424264437993973e-01
7.814357663090923944e-01,4.519635855221479370e-01
5.517068952887042022e-01,6.768369849347359857e-01
9.191578439760985653e-01,-8.378738658010720375e-02
8.338784512381939296e-01,-3.671985651887627045e-01
8.007758410915123415e-01,4.076026489312366552e-01
6.470553985708388245e-01,5.891105375701212177e-01
8.519778303741826209e-01,-3.135303169434279225e-01
8.989638366530071645e-01,1.535277779382655805e-01
9.047707166056474515e-01,-1.469635357322175429e-01
7.753597854489178154e-01,-4.557858306661243253e-01
1.559171211056720185e-01,-8.997748925989039748e-01
8.035387605439499037e-01,-4.103343649207636390e-01
6.894787494311350740e-01,5.369074146571133355e-01
-9.142561014044784384e-01,7.000056128148285373e-02
-8.680717578824118652e-01,2.641212140668404706e-01
-5.897471197298373990e-01,6.406154856951182808e-01
9.102177143188000530e-01,3.086591853346724867e-02
-4.469460737497589764e-01,-7.802887578062266405e-01
6.032894167340265845e-01,-6.354827816914195848e-01
-7.731618236539310463e-01,4.225176827071540075e-01
-6.986311773499165323e-01,5.142543726900155043e-01
-3.600013758469435832e-01,-8.215002116055546422e-01
-8.444356567626268850e-01,-3.141959298888187813e-01
-3.634999408040063412e-02,-8.998723758137163742e-01
-7.810383708482513399e-01,-4.212425017293016105e-01
7.050736845695573241e-01,-5.189602126868430032e-01
7.419374674691037175e-01,-4.804879629177524203e-01
8.819887372098744738e-01,-1.763187805628744775e-01
-5.268805209026352632e-01,-6.927027132926047992e-01
-2.006002847607566697e-01,-8.695503276458111941e-01
-8.169581123942776246e-01,3.296810449299035217e-01
-8.934997690000966442e-01,7.881665079393430570e-03
-8.931438774444412365e-01,-4.286076391209452802e-02
-8.830688976274680968e-01,-1.305336197781460095e-01
-8.185107030451280741e-01,-3.210165374852875786e-01
4.561249732267412815e-01,7.469283134833420990e-01
-1.226199593251328310e-02,8.871399454356165837e-01
-1.177783524309533592e-01,-8.847435585131999680e-01
-1.281873778455275004e-01,8.680323612612969031e-01
-5.969654145126460643e-01,6.193929102737798509e-01
8.397850615504106608e-01,-2.734568619729917383e-01
-5.781029955189116443e-01,-6.442402349901358294e-01
-8.849101600215319996e-01,6.142964536469226744e-02
7.962255093230307113e-01,-3.631714532866760492e-01
6.551845349725770040e-01,-5.624159750690977955e-01
-6.301972905120578616e-01,-5.844099358173371339e-01
8.534238974891293905e-01,2.479348198637414125e-01
7.307435794425126696e-01,4.702660377695038751e-01
3.441211736501056384e-01,8.091124366329609519e-01
2.509730593599940884e-01,8.481411841554579167e-01
4.997873846808797982e-01,6.934063512870518586e-01
3.044627501129857916e-01,-8.259172667407643775e-01
3.872034590329351822e-01,-7.866690675988171622e-01
1.145383120280127759e-01,-8.823425545278961168e-01
-4.824124995574214925e-01,-7.178993506091985166e-01
5.405961724939571944e-01,-6.651459054264028392e-01
-3.034461666010220826e-01,8.146063684294785334e-01
-7.236642527466778940e-01,4.494172752607851762e-01
-6.837169765764277152e-01,-5.162527139681848398e-01
6.490310467143355355e-01,5.446923500338912705e-01
-6.351818692814502620e-01,5.561814904676684046e-01
-8.281080026076608203e-01,-2.822438125710849399e-01
-8.455085886351182412e-01,2.243998169147218003e-01
-8.735414292997476515e-01,-9.462894795943650739e-02
-7.185821114803441212e-01,-4.539866568001451053e-01
2.694502037498474611e-01,8.315255474220216714e-01
4.273731572390688793e-01,7.400609633823089784e-01
-3.662137316447371393e-01,7.766375959992131150e-01
-2.605185886968025555e-01,8.247152967649568067e-01
-5.017931821790849733e-01,-6.794643682387672134e-01
8.795027983233043578e-01,-6.499165464866238362e-02
-5.371590629628798519e-01,6.316545912456680290e-01
7.236779678788658465e-01,4.477372902778227748e-01
6.828080193019591126e-01,-4.889983501039555924e-01
8.299402431071273289e-01,2.708861929106783362e-01
-1.480629886559923503e-01,-8.617943842372765006e-01
8.011414353584216386e-01,3.318337660763659436e-01
5.729930895182587802e-01,5.993248640439727826e-01
-9.787905897276591438e-02,-8.691280117689890172e-01
8.626080563971404436e-01,1.363337415770185801e-01
2.540450575178228587e-01,-8.286019372441417730e-01
4.795492732935993652e-02,8.669738448523365282e-01
7.660149149523929335e-01,-3.887224987118509945e-01
-9.782337948373646952e-02,8.576021284273116496e-01
-3.738948785967193822e-01,-7.771663070224130720e-01
8.722928462527843596e-01,1.702827624926316064e-02
-8.042017102404601658e-01,2.884118657832006605e-01
-4.175968318479688079e-01,-7.497464342461188647e-01
7.809926088069686356e-01,3.498142651325605867e-01
3.644453790158934670e-01,7.609924795041386192e-01
-8.517616739343295551e-01,1.074777001048687897e-01
1.140009469999423708e-01,8.470799252005437596e-01
1.870955711251401088e-01,8.302907039006185430e-01
-3.995711034745691448e-01,7.429644497649725565e-01
2.376618465603420535e-02,8.552271818073717835e-01
-8.372661786348272184e-01,1.509646812124857684e-01
5.947800355012923187e-03,-8.657934529143139768e-01
-8.242419633168924786e-01,-2.253347764740604442e-01
-1.711785349121477673e-01,8.306936293927102977e-01
-2.539516591279085689e-01,-8.176209551777297024e-01
2.176046936037270008e-01,-8.387168591172002863e-01
-5.080875558923499957e-01,6.517809602599999863e-01
8.199976893995896132e-01,-2.509682885245242412e-01
-5.590073756319637877e-01,6.032226208471948015e-01
3.433864393401947490e-01,-7.818761362253882075e-01
4.362466869057518015e-01,-7.245478374160952972e-01
5.343000757751830143e-01,6.262240982819916590e-01
7.839588008157788446e-01,-3.138424748917839624e-01
-8.066220947619906489e-01,-2.370452812359170325e-01
8.547613671009831604e-01,4.504245149580060614e-02
-8.389754724058853252e-01,-8.432360730854125686e-02
-6.993274585815575373e-01,-4.475726772463317626e-01
6.211000679674515829e-02,-8.485086920607490812e-01
3.235667364262501677e-01,7.716427989675547217e-01
3.906263657266305089e-01,-7.442305774890299874e-01
-7.584301142182472422e-01,-3.390115625567860502e-01
8.244266223022447271e-01,1.892653586315555525e-01
8.428044390179172396e-01,-1.064349365749926030e-01
-5.795169816095381288e-01,-5.725365522053973422e-01
1.751941715052116322e-01,-8.269871558632726494e-01
5.022783654598491632e-01,-6.489941339706928325e-01
4.510848866300547488e-01,-6.984371666517095179e-01
-3.569215937432728136e-01,7.451243784049393915e-01
-3.828566335600074866e-01,7.287792189069446369e-01
-4.499592606511639836e-01,6.817876562554610054e-01
7.915647801655043558e-01,2.873943792035962841e-01
8.276108428049129273e-01,-1.675200665215273721e-01
8.453139633790107688e-01,-1.467040359914730668e-02
-7.159015210757374570e-01,3.960181644188067729e-01
-7.456305398398064277e-01,-3.573379298664129955e-01
-6.363547245261890195e-01,4.953927191084010473e-01
5.973993464144174981e-01,5.352865842505928340e-01
-3.179767700537857594e-02,-8.418541116532860524e-01
-6.508079849601562383e-01,4.721067488341075813e-01
2.337789033269143391e-01,-8.019171844043050390e-01
2.938994083438527596e-02,8.379735805663716119e-01
-1.098129204978319368e-01,8.276753526916162951e-01
4.569063057228274216e-01,6.609214837152486144e-01
-8.066485375451314388e-01,-2.010431242288194531e-01
-7.007531585784945727e-02,8.289347248193922324e-01
1.421662723590992050e-01,8.226232722851851697e-01
6.866731565343511257e-01,-4.131047920251434968e-01
5.674335515774350247e-01,-5.457975955983483951e-01
5.160179496147665468e-01,-6.017006001745055510e-01
-6.277638131060739868e-01,-5.025703704591029108e-01
6.690979806165622268e-01,4.442956333923320789e-01
-4.296928479129491496e-01,-6.762119059809055255e-01
-1.609965928265947588e-01,-8.138088641917246013e-01
-8.290863202043150526e-01,3.690232706223172277e-03
6.165003710447538587e-01,4.960433285989471197e-01
-8.143221958735628874e-02,-8.268033660854567923e-01
-5.420548071404805990e-01,-5.724725496657926405e-01
-2.637589093567018761e-01,7.820728913829246842e-01
-2.048755844116253999e-01,8.004651758161919206e-01
8.181322467058803616e-01,1.118071435597872976e-01
-5.062018781638161213e-01,5.938914781801600817e-01
-8.045627069227846428e-01,-1.628774726966592534e-01
-7.018125429851754804e-01,3.951977156690631432e-01
3.971840229199032901e-01,6.986868820377251099e-01
-1.538269835962298437e-01,8.092016557413083122e-01
2.801068558681970577e-01,7.627827097667292389e-01
2.579968673067026819e-01,7.698281187477208354e-01
4.028224261635321435e-02,8.175456024452892878e-01
8.604741983519663406e-02,8.125327579936200140e-01
-7.930899052574624797e-01,2.083310326477784136e-01
1.519350421416696129e-01,7.991701097803359799e-01
-8.063022941937404431e-01,1.276003306417652083e-01
-8.147613936475037733e-01,5.221348627327757064e-02
-7.478045063691650673e-01,2.989653591705914160e-01
-8.138683671074038450e-01,-2.425744202132905369e-02
4.454267440743165385e-01,6.523659278036505471e-01
7.063039439077640758e-01,3.879233255875759179e-01
7.270303057630295163e-01,-3.457057247008624712e-01
3.468256825459530845e-01,-7.340883464889296217e-01
7.709349082358669669e-01,-2.423765456809606755e-01
7.954057582877203103e-01,1.631705573890581962e-01
7.868674008283543797e-01,-1.956085360942642071e-01
8.088403010516452829e-01,-7.179831589876491116e-02
-7.372527721044894733e-01,-3.284639330184724315e-01
-7.081064160979505528e-01,-3.791221905724950214e-01
7.930744618991582284e-02,-8.144272909306325969e-01
-3.037365811877813515e-01,-7.620308773467107111e-01
5.422679014313953605e-01,5.555869014781362747e-01
7.351648992219419476e-01,3.121084462382578972e-01
6.087464503283022133e-01,-4.885397572087158968e-01
8.048884941673846161e-01,3.628111486746334741e-02
-5.282896832111810825e-01,5.638619705626877199e-01
3.570209202093361373e-02,-8.110299665774948208e-01
-3.772471176809065185e-01,-7.163150880221289540e-01
4.423095772439115114e-01,-6.539485662690242007e-01
-6.571020021825374480e-01,-4.367618179230635111e-01
-2.373633391848966046e-01,-7.672145818161386632e-01
-4.129152732158690164e-01,-6.778295388822330736e-01
5.288177154164221960e-01,-5.667463985141577565e-01
-3.277839175655379300e-01,-7.285262153696472343e-01
-5.035112034356528099e-01,-5.932180970326724756e-01
-2.076119370359064964e-01,-7.726789243440483901e-01
-4.749732241065412475e-01,-6.199541753177395531e-01
-5.588745734256247433e-01,-5.276203199892537388e-01
-5.939714010726736548e-01,-4.867793110195159922e-01
6.454264948686816439e-01,-4.338514628832267350e-01
5.666892243131554929e-01,5.163149831461991690e-01
7.091206459766848935e-01,3.441303794823930562e-01
-9.703083197688538997e-02,7.984922858901597476e-01
-5.893849305446565712e-01,4.895855610124794643e-01
-7.865784922551268821e-01,1.474618321357526740e-01
5.471663121634431359e-01,-5.336594205702197558e-01
-6.291056426149134184e-01,4.340915053752689712e-01
-5.033079199349524968e-01,5.653500962400657137e-01
-6.004915783317933409e-01,-4.571804760980369142e-01
2.232118073742955511e-01,-7.550033004451294216e-01
-7.563513426511202509e-01,2.401476566453087380e-01
-2.324641789067721231e-01,7.604074977078604247e-01
7.306267368525803940e-01,-2.857246379310732221e-01
7.562556188597268081e-01,2.246753837908624929e-01
6.060881937961909438e-01,4.524041827645558511e-01
7.860954793270404917e-01,-9.271239185561497287e-02
7.702230356645280995e-01,-1.777532693192979407e-01
7.813770645420260452e-01,1.123409261318594754e-01
3.752222166001196735e-01,6.769914380977906099e-01
-7.386635638347298638e-01,-2.525877725318695366e-01
7.898789078709750333e-01,4.010858422893825992e-02
-1.502863164501859750e-01,7.711389507147452527e-01
-4.387550690601223491e-01,6.109721325047001717e-01
2.010429406785436690e-01,7.597303556074884723e-01
1.584915206282510036e-01,7.740984611492022216e-01
7.495814763448241935e-01,-2.263785824607772723e-01
-7.830656804654023695e-01,7.386345229693475067e-02
-3.114127945559341804e-01,7.016791287377251995e-01
2.825244415058673630e-01,7.195478796004205480e-01
-6.727874926438713876e-01,3.430564892761355789e-01
-7.536108347977984456e-01,-1.766865988476953586e-01
2.611622034416430371e-02,7.702432266096829183e-01
-7.668182629537151351e-01,-5.135533400368130774e-02
-7.678942867383852233e-01,-3.101085315321186822e-02
-6.995252324228372620e-01,2.721589574057684535e-01
-6.910811849060731760e-01,-3.014487751378599478e-01
-1.635830983396344973e-01,-7.529043506624643056e-01
1.520755381427988939e-01,-7.623025236592554377e-01
6.607316462149316338e-01,3.780377039476373047e-01
-6.977842362621669570e-02,-7.677246126711336771e-01
6.364591056887608511e-01,4.001013881048777199e-01
8.565991379102437520e-02,-7.694441866075807379e-01
-1.856995234520820298e-02,-7.715335137597343351e-01
4.093865219390684929e-01,-6.417830613846270404e-01
-2.991285565921900647e-01,-6.949202260306663881e-01
-3.758028220846473255e-01,-6.444938586926794999e-01
4.855029685982082954e-01,5.576604150644285385e-01
2.391983977050132493e-01,-7.238121800469169420e-01
-5.182507002689793474e-01,-5.195323458742981959e-01
6.436015120390740085e-01,-3.880107516625833641e-01
3.552221691901357170e-01,-6.658193822824381991e-01
2.293998280322862016e-02,-7.628746513814689267e-01
-6.483374364606334650e-01,-3.651389743984663760e-01
2.944883826556811690e-01,-6.923147669331038978e-01
5.424733368239360587e-01,4.939088764257149045e-01
7.215290409614613099e-01,2.205480131260528776e-01
7.154009903578159024e-01,2.358304123660731610e-01
6.679788367117458492e-01,-3.270196789981095753e-01
7.516289262897841716e-01,-4.644043925498742703e-02
5.972961477334758351e-01,-4.208605157608741876e-01
1.231319878039620203e-01,-7.430651054624439755e-01
5.070823478314234745e-01,-5.257647043624892325e-01
4.096851663562555146e-01,-6.063036391383643808e-01
-4.047524933997862506e-01,6.251925602515980840e-01
2.799001787744146430e-01,6.870518268109796489e-01
-6.070419271523028737e-01,-4.236569257304961256e-01
-7.070503122247845385e-01,2.301915992974537251e-01
-5.756658957711437985e-01,4.475550048609012177e-01
4.832600477620997426e-01,5.325090870627119388e-01
-4.711585432950349261e-02,-7.470668734952325973e-01
5.343191877463534523e-01,-4.799288942483162512e-01
-7.335359753960767337e-01,-1.102084971360233479e-01
-7.332432608262147156e-01,1.128800916688680878e-01
-8.110522770725994701e-02,7.402513201080227478e-01
1.618653353430695163e-01,7.185638720457311335e-01
4.056389325477258723e-01,5.998374881840888850e-01
-3.534975175634337274e-01,6.412278148031739233e-01
7.244584784503673713e-01,1.357043233583822839e-01
7.171543306654071248e-01,-1.623502707452933180e-01
-4.821327126442232491e-01,-5.305069563932097720e-01
6.679695495239178493e-01,2.780861052144469880e-01
7.349198157958570787e-01,-6.322327031266514186e-02
1.808439259632552421e-01,-7.053347225974587742e-01
2.696756205969293996e-01,-6.712006741581368896e-01
3.372505719474915287e-01,6.369201653078614411e-01
-6.244673132145658334e-01,3.659806631687151923e-01
-4.123497185645102481e-01,5.946186643977934283e-01
6.057533665327115013e-01,-3.778538752568815773e-01
-4.760366681221974150e-01,5.381138084442724789e-01
-1.854113736782345423e-01,7.128643760800124074e-01
-2.693694226188386720e-01,6.810335214466727294e-01
-7.164199392320462767e-01,1.718404474808284677e-01
6.653092316324766831e-01,-2.799351616134956311e-01
-5.463484189253221546e-01,4.543951976096859968e-01
-3.836749203873530134e-01,-6.048692707058090923e-01
-4.147222852419110706e-01,-5.784055358529229807e-01
9.029782936294111773e-02,7.223119453420515645e-01
-7.082557327351555188e-01,-1.543890336488005499e-01
-1.298221356975227392e-01,-7.126521750138656852e-01
4.169460748310345743e-01,5.697277285374171552e-01
3.192085369668689054e-01,-6.395849874947659996e-01
5.352973958104193519e-01,-4.536177975853700750e-01
-1.782097703669759947e-01,-6.922642833079307723e-01
4.086528133544615193e-01,-5.684639617832089042e-01
-1.049336607024219277e-02,7.217489893975808091e-01
2.053981767580186635e-01,6.922518937794648330e-01
-7.184444310562546621e-01,-1.858715355715919240e-02
7.084005154124944914e-01,5.782612624643373306e-02
5.819958888526030050e-01,-3.826273421420928189e-01
6.718868763705750924e-01,-2.312095714992380147e-01
-6.887207137063917628e-01,-1.905893331717145867e-01
6.402091796075881636e-01,2.865577139776386284e-01
-4.487395726725746936e-01,-5.351644193725501042e-01
-5.829214481989603014e-01,-3.881321385667992341e-01
-2.203364146572112381e-01,-6.718050608389587453e-01
2.875738742369365331e-01,6.448181056231373498e-01
5.336616769972936103e-01,4.281539516742220997e-01
6.972557311457029394e-01,-1.418543002778364093e-01
5.684515642508520816e-01,3.852257307109508422e-01
-5.204362012754361055e-01,-4.492059404861250549e-01
-6.190033258888334444e-01,-3.190310779861130208e-01
-2.413742046036213840e-01,-6.599598487676682224e-01
-2.841689593945471159e-01,6.476389753891004242e-01
-5.064994409106167161e-01,4.589879542906983301e-01
-6.553631993629246422e-01,2.409641730810261895e-01
-5.334753724127591079e-01,4.190578040378412084e-01
-6.955995395646982216e-01,5.533569950858255315e-02
-6.739599663090715120e-01,-1.766640697647327840e-01
4.277138072118490397e-01,-5.114546655914844475e-01
4.595629174152965346e-01,-4.800465710305735212e-01
3.663485550108776939e-02,-6.948370029594552744e-01
5.909010433612402746e-01,-3.345423832833500088e-01
6.019353911447803407e-01,-3.180470254360474036e-01
-3.311879698388173199e-01,-5.940151144842288344e-01
-7.041774390710872633e-02,-6.938336069458448385e-01
7.046092968936055190e-01,-3.298452552931414525e-03
-4.629718991167177666e-01,-4.822738051193740660e-01
-1.054610425924719097e-01,-6.846240046855431860e-01
6.033732653199942453e-01,3.150597818957039942e-01
-2.169852435886872877e-01,6.660481151042209058e-01
-5.128043407114833974e-01,-4.132155201919254228e-01
4.521624945716061217e-01,4.817385679019606792e-01
4.714646020586489850e-01,4.608482439667207498e-01
-4.115516192088682357e-01,5.164609624835690971e-01
6.593835560258095585e-01,2.055572386912931093e-01
9.248493316573212775e-02,6.936112925388436823e-01
-1.056409136978318924e-01,6.863156520520570236e-01
4.196750071159752182e-01,5.045341256198740965e-01
2.754722275925072794e-01,6.353258622363668895e-01
2.381004660906285431e-01,6.512699532372331346e-01
-4.650816601130313699e-01,4.560199341822278596e-01
-2.819355026684394194e-01,6.262827823952081818e-01
-4.055536638016625228e-01,-5.104625097815755908e-01
6.366337226354910894e-02,6.896913342699382277e-01
6.815396911537714431e-01,-2.968473716657738654e-02
6.693493475890395228e-01,1.208014321041266520e-01
6.556409247999984702e-01,1.609747936697964732e-01
6.818392542672410128e-01,-8.006212837465927212e-02
6.120307548034220613e-01,2.549317480302364936e-01
9.668916368944253936e-02,-6.730617649761297949e-01
3.051241542538316032e-01,-5.962433238862351326e-01
-5.617251336765090308e-02,-6.815105853892339249e-01
-6.875772800030639509e-01,-4.847302480333785107e-02
-1.418837733957330205e-01,6.777162970093091321e-01
-6.567613434091980062e-01,1.931653954008376306e-01
-6.666519479247333679e-01,1.607373550649118521e-01
4.451305772930611721e-02,-6.724513485258725165e-01
-6.785344975690618119e-01,8.269699167487283564e-02
-1.820321101967828648e-01,-6.522776542764058272e-01
2.401784665958754325e-02,6.834807807169180904e-01
3.332868203869892576e-01,5.648925260630099920e-01
-5.805017217631414095e-01,3.328342707529037825e-01
-5.885933011873759613e-01,3.152576680586187674e-01
-2.430803081126060861e-01,6.312517775034572898e-01
6.224777042021306661e-01,-2.097814132985307556e-01
5.323859443380255518e-01,-3.696201484513961799e-01
6.123810473620528994e-01,-2.366586317785878413e-01
-2.977509928247673923e-02,6.729036759706319426e-01
1.973554509454938655e-01,6.362778366068676528e-01
3.639248315102094344e-01,-5.344355784255669928e-01
2.451639701239745339e-01,-6.034742945621668353e-01
-2.775939455409990875e-01,-6.016900656481707355e-01
-6.595813904048051235e-01,1.329237276373247956e-01
-6.240537039134688158e-01,-2.221154871217085325e-01
4.266137776664957748e-01,-4.748708210090636928e-01
-5.615768201404890414e-01,-3.351846815265043800e-01
-5.296821189889685533e-01,3.778419249954840797e-01
-2.121167189186933810e-01,6.290047692866502782e-01
4.369965341849249008e-01,-4.603148652678031305e-01
-5.747326479864656168e-01,-3.016084821353415268e-01
-2.869995767110329887e-01,-5.804461360025318095e-01
1.200551844521686035e-01,6.479944464936860937e-01
-3.350294249871232921e-01,5.516657694273932044e-01
-6.523763919279270684e-01,-8.683305740464769551e-02
-5.318200199458841260e-01,-3.579630836624966284e-01
-2.303520988963073668e-01,-6.101907420811381044e-01
-4.429191412521883975e-01,4.504735072198031154e-01
-3.897207195360288257e-01,-5.002713304882522305e-01
-5.267415319143172736e-01,3.425152146006454346e-01
1.543181871997426763e-02,6.580677043431076845e-01
-3.572062381052168445e-01,5.237631472764788798e-01
6.440599481486555256e-01,7.220017770345904529e-02
1.953423406050401601e-01,-6.109818514944265200e-01
-3.220043701572938843e-01,-5.391445843074894606e-01
-4.996498639778481077e-01,3.540587797126205638e-01
-5.920452705168307572e-01,-2.491801157923172194e-01
5.103952801992041044e-01,-3.499646739649438509e-01
3.262719111661183669e-01,-5.179789678378964313e-01
-5.452040433818600151e-01,-3.036793358548111055e-01
4.457403225076226883e-01,-4.191811063494686462e-01
3.566423222880921173e-01,5.088314066608664588e-01
4.372349111284405399e-01,4.345685586544412171e-01
4.954773137107451597e-01,3.668320174366898612e-01
2.114034037825132939e-01,5.956193856109280871e-01
4.816558862929896101e-01,3.617860413746751269e-01
6.335850817640528154e-01,-1.211626041487667005e-01
-6.473899567006570210e-01,-1.402290946221356610e-02
-4.510144811696981115e-01,-4.021323573686380048e-01
-6.002758142139169584e-01,2.222931630056195484e-01
2.869357011191304152e-01,-5.554646753976073548e-01
4.459661978955153927e-01,-3.997876668687271318e-01
8.318913217315381664e-03,-6.509467954595489214e-01
-1.671695525286782391e-01,-6.202591770132740434e-01
6.297756356376217335e-01,-9.094700785849607616e-02
-6.325542644228642208e-01,9.425092851432642638e-02
-6.123701873685805097e-01,1.760155400963852312e-01
5.648399205666025935e-01,-2.739777034893000063e-01
-5.620058175512685494e-01,2.801067214553316642e-01
6.684123741300727894e-02,-6.334922606352423324e-01
-1.411468990669570711e-01,-6.198358530684355827e-01
-7.628957520497094136e-02,-6.321608570704684293e-01
-2.347743008998398606e-02,-6.344081916939092736e-01
-5.733342900967954847e-01,2.502328802828477361e-01
2.559669350679417699e-01,-5.604405311475969542e-01
1.949944541904906348e-01,-5.776446020619554478e-01
-6.183107239141768519e-01,-3.788564102106222603e-02
-4.726380401220438010e-01,-3.598700397603787349e-01
-3.343080453587288225e-01,-4.805078164164252597e-01
-6.105797830775276935e-01,1.481515158658659043e-02
-1.223522436889616233e-01,6.252493358985758976e-01
-5.727590735907593933e-01,-1.719134019662134083e-01
2.855162281403316599e-02,6.372037389505834648e-01
-3.418327682106783172e-01,5.009727973904331000e-01
-9.091604905634335931e-02,6.175691469291533231e-01
-1.265299960158258914e-02,6.258990903615799795e-01
5.993441900530988020e-01,1.875143712539970031e-01
-3.784094717007269182e-01,4.516233486888641124e-01
5.946694887814174546e-01,-1.715228918468719443e-01
6.032739786090776102e-01,1.586596964841181512e-01
2.536117221521351772e-01,5.659832801070104891e-01
6.239260427206203552e-01,2.364172921093345495e-02
-3.033859832583093996e-01,5.103942030796504437e-01
2.999319757755802285e-01,5.352010757487540848e-01
3.978708411994600347e-01,-4.363736646936670072e-01
1.311001871600588620e-01,6.027235597111331167e-01
6.207675283331685057e-01,7.646460195397506224e-03
5.378916321321541849e-01,-2.689708410753820500e-01
6.092379525131819129e-01,-6.197119640821117242e-02
5.664757690045427729e-01,2.147899192994998374e-01
3.971773500492115083e-01,4.330191894209859393e-01
5.267502745089425176e-01,2.837125788859732323e-01
4.336171577362131768e-01,3.886104564572065989e-01
4.771186422066154842e-01,-3.321176055366300561e-01
5.516886307805708434e-01,-2.173963596339927862e-01
5.115878271736936656e-01,2.855718513087575627e-01
3.297892372683374207e-01,4.695722973771710995e-01
1.951953940386098874e-01,5.649517967439962041e-01
2.380595947316598571e-01,5.406117135741806967e-01
2.887128129891909367e-01,5.051012975803942373e-01
5.840180882463584799e-01,1.145433069521328007e-01
5.273972151745847103e-01,2.468016117316141900e-01
-3.777460636257800042e-01,4.352530741549879845e-01
2.392556477998559680e-02,-5.997850794040328060e-01
-5.558660539211527363e-01,2.047129150374519535e-01
8.868609211999704811e-02,-5.908974339882685500e-01
2.760136671516893458e-01,-5.080709149771348576e-01
5.824455051026918018e-02,-5.955767845618942236e-01
1.179897530320242471e-01,5.857768886936358665e-01
5.809981069759401207e-01,8.841530053252485977e-02
3.552689696193190860e-01,4.312863122490310230e-01
-2.923944648457383333e-01,-4.879912411851308751e-01
-4.384150942382098459e-01,-3.592903334514273572e-01
-5.823537980477198062e-01,-1.303597094462713712e-01
-5.965886185844355705e-01,-4.093509383490892550e-02
-2.657616041105981819e-01,5.168730435237101073e-01
3.171244939005679053e-01,4.473868593183764619e-01
-4.757983301713371582e-01,2.925542975156598113e-01
-5.452867049520807585e-01,-2.076718142173415160e-01
-5.766243424927419703e-01,1.285138579392300917e-01
-5.819021380673939925e-01,9.246115793129706939e-02
-2.197285383319804719e-01,5.415211811697165922e-01
-5.476818692716294290e-01,-1.967527510599511587e-01
3.964340093826895228e-01,3.659824002335541060e-01
-2.042075560206498552e-01,5.422858172456346271e-01
-5.766373001277880217e-01,-7.971156218710588603e-02
-1.477396907203223086e-01,-5.547944582177911643e-01
5.059020240553210312e-01,2.419789019890588588e-01
-1.815040857260108165e-01,5.514822731364658059e-01
-2.229262876729094511e-01,-5.205550192235494089e-01
4.127237981372494646e-01,3.390252949646020419e-01
5.753353670361842642e-01,-2.721399714732770925e-02
1.991289182866588237e-01,-5.179129510510240841e-01
-5.692233308815085602e-01,-2.308714256029461426e-02
1.370084246136034356e-01,-5.394160467410469284e-01
5.691889020110993958e-01,-5.984101022583309532e-02
-6.562299534080272279e-02,-5.505920669226975761e-01
2.808715522828981737e-01,-4.609775378279725166e-01
5.591320676362169229e-01,3.571554614606369665e-02
-5.549968655084562830e-01,4.818978940798816085e-02
4.683962373286794656e-01,2.568763939643171623e-01
-4.783078064290448572e-01,-2.675274224382735988e-01
1.473889964823726743e-02,5.628677666316550532e-01
3.658060623983984683e-01,3.763436269822965086e-01
-4.584958463453963629e-01,-2.923128980392605825e-01
5.023160917078033361e-01,-2.376521365062185254e-01
5.339792349907013236e-01,1.093375484040247925e-01
-3.524437695720082364e-01,-4.027425426567005085e-01
-1.944304043165836215e-01,-5.098845125950229873e-01
-5.105399592162720435e-01,1.858020932385931745e-01
-2.382111523727954705e-01,4.933838916117235240e-01
-3.893871295085214457e-01,-3.588436081072854944e-01
-4.760383940552397330e-01,2.399725501073440292e-01
5.493740019342449044e-01,7.628314149557612577e-03
-9.147678454868714282e-02,5.471147231451904958e-01
-2.865624951011696009e-01,-4.479846513844156775e-01
5.448992330091205760e-01,-8.675475053626548194e-02
3.360152493992535350e-01,-3.985287776445593511e-01
4.012352057104643377e-01,-3.391739836913327810e-01
-3.112638770579183034e-01,4.274862366888398935e-01
-3.557295742389522397e-01,-3.725965339248757391e-01
2.369631792978384513e-02,5.383434508587494616e-01
4.446468357429570473e-01,-2.789761258892198281e-01
-5.286791063262294976e-01,-1.229796179161730951e-01
1.271835189427188151e-01,-5.110862114256147226e-01
5.000720625987759016e-01,-1.660458340154262191e-01
4.179721145073810873e-01,-2.970550862178990559e-01
-1.237564003871825524e-01,5.245671305185188871e-01
-2.398474380975935960e-01,-4.602384363783103005e-01
-3.227011044175394638e-01,4.031454887547343824e-01
-2.560751297693784623e-01,4.490932986873035770e-01
-1.369489978316719425e-02,-5.271999826356980057e-01
-5.333611993693728737e-01,7.324387662647581509e-02
-4.059033046411320567e-01,3.121194672851833052e-01
-5.344556102327366887e-01,5.081780017113917206e-03
-9.973105727964709510e-02,-5.138472466928399873e-01
2.621221692216848531e-01,-4.290307283042463227e-01
-3.730042717259143825e-01,3.408625314484517443e-01
1.521669563432024586e-01,4.965369830270146556e-01
-3.407654092429517750e-02,5.302760690799521726e-01
2.367599322121063110e-01,4.455268200439881365e-01
4.105623358423161062e-01,2.734018402218020283e-01
3.323216045971635335e-01,3.671106824426872972e-01
4.939086999776274856e-01,1.440700406259837196e-01
-4.088355381416865914e-02,5.249732903930693917e-01
2.900884635643726228e-01,-3.919866691964077887e-01
2.399453003881736324e-01,-4.328793552383470855e-01
-5.006776321263566309e-01,-1.608674218101937836e-01
1.609651580276051097e-01,-4.886464949075167152e-01
-3.948833517981290009e-01,-2.964236371205366538e-01
5.151981610366377362e-01,-6.562992156458556658e-02
-5.032132430541651491e-01,1.530138611081567346e-01
-1.392133104773507213e-01,-4.902349920432030328e-01
-2.933328646494889891e-01,3.852432088858441239e-01
5.079569647835343593e-01,-8.928297526652177740e-02
-4.100835509372177667e-01,2.613171848372138895e-01
-3.995149465862513627e-01,2.716298292078335175e-01
8.496763288590450380e-02,-5.000252135355283123e-01
-3.502161061959392363e-01,-3.228072961402945751e-01
-3.138421515876739232e-01,3.582155713804213715e-01
-3.218074774562427742e-01,-3.467865399166894513e-01
-5.050055974441579609e-01,-8.294839363473377469e-02
4.342034730924787533e-01,-2.300018471853904900e-01
4.633970465642379272e-02,-5.040692726592412853e-01
-4.644006588199094954e-01,1.956888525829440784e-01
-4.706069376303871343e-01,-1.874829264736453949e-01
2.038595691936258003e-01,4.598970117130960489e-01
1.702062526075317495e-01,4.769440564379469061e-01
5.052265547211636232e-01,4.396100934409893218e-02
-6.398744754570692694e-02,-4.968793866910035661e-01
-4.939916350315122218e-01,-9.466198101138313670e-02
6.433746846452539740e-03,-4.962027407573239013e-01
6.964882198600397256e-02,4.916962401024058682e-01
1.821054556510289524e-01,-4.450373201453107774e-01
4.324860963144058212e-01,2.218325282449061520e-01
-1.100091721944196493e-01,4.782953925765104364e-01
3.691780133899531524e-01,2.919522056549297973e-01
1.496882500355634638e-01,-4.498091189199724393e-01
1.249673308337656552e-01,4.653097794827099620e-01
-1.887271392025116346e-01,-4.366644769726775177e-01
4.608044439446525864e-01,-1.375930077328500201e-01
3.371194709257938626e-01,-3.044288661952834207e-01
-4.729168655394471732e-01,9.886073781049421749e-02
-1.615045860126697319e-01,4.533189594495900532e-01
-2.637212241957073156e-01,-3.829082727129698438e-01
1.497003533224938732e-01,4.424679226959315481e-01
-3.514337672952381197e-01,2.990672977379932318e-01
-4.602939974507956888e-01,-1.150045764806507526e-01
-1.199118743705071197e-02,4.709021017871712900e-01
4.693548689863575873e-01,1.661066687301973946e-02
7.375548352419439291e-02,-4.586665524377590564e-01
4.497200563131188988e-01,-9.636397740579465132e-02
-3.874033653799989763e-01,-2.584005524410224464e-01
-1.883584595637389780e-01,4.250833550857981424e-01
4.433496395953507863e-01,1.322297210054823868e-01
4.310134631579885522e-01,1.490235975680770653e-01
-2.922725185416720772e-01,3.512963798231222290e-01
3.594576972436652751e-01,-2.515735501967378274e-01
3.895450114930321672e-01,2.106521387034190340e-01
-4.304255128420586551e-01,1.628232612585941985e-01
-3.722377672059199449e-01,2.538195618203337722e-01
-3.855064251287039223e-01,-2.270323053608284125e-01
-1.281708884599182530e-01,-4.383566319133495037e-01
-1.138686391131360776e-01,-4.400628411171627064e-01
-2.527660837331333066e-01,-3.543409594029915399e-01
3.953390013734216502e-01,-1.861260718673988235e-01
1.585875602923640104e-01,-4.060900211325282338e-01
-3.499476603254775831e-01,-2.638852611423763705e-01
-1.476643915560830189e-01,-4.131668660370423352e-01
4.457690417488135992e-01,5.306554448562276344e-02
-4.417062899877619575e-01,-2.040558370036436517e-02
2.782728160867551925e-01,-3.261145607050446871e-01
1.958588594728344068e-01,-3.844776356390027794e-01
3.566573024413536297e-01,2.334197464864379290e-01
1.951050059408346582e-01,3.842809094946216808e-01
-2.339851148019906901e-01,3.609224629598285494e-01
2.804312452719466831e-01,3.134822393806572793e-01
-4.324252604519057686e-01,9.817545265669069821e-02
1.775953929911571472e-01,3.863760883952458425e-01
3.551222916386193029e-01,-2.212094032212353067e-01
2.940065845561402047e-01,-2.972350035149813885e-01
-3.742883155180748989e-01,1.985991790562022519e-01
3.772133674053380625e-01,1.699501107783080445e-01
-5.747298000117613548e-02,4.320176840527434892e-01
-1.537369930907135900e-03,4.365208705508542009e-01
-4.345940605456243278e-01,2.631141729391205802e-02
-2.861973311829283939e-01,2.864918180732488606e-01
3.380575960272353964e-01,2.144717039980428841e-01
-1.806181071100703972e-01,-3.638476428041510502e-01
-2.666836327615045299e-01,-3.077787413157336838e-01
4.217694934693384523e-01,-8.580178716813785522e-02
-4.116800391102763967e-01,-9.758908073768017555e-02
-1.599022568548263967e-02,-4.268848915985934966e-01
4.253200133525821824e-01,-4.508264855406849542e-02
-2.437003216759951185e-01,-3.130149424899162369e-01
2.181210024420504878e-01,3.264939717210403880e-01
-4.052848349343972367e-02,-4.208028299302619679e-01
5.889953310679745674e-02,4.168008050477793325e-01
3.159018815643148126e-01,-2.262739163114657615e-01
3.974576266163603600e-01,-1.313123903055506692e-01
-1.431272952331758275e-01,-3.902917997177885456e-01
-4.148343274411424586e-01,-4.441043982660728383e-03
-3.897877421429057354e-01,1.343961731510381619e-01
-3.832627833694218222e-01,-1.377341404909520062e-01
4.099561654436936764e-01,-3.836615965767592885e-03
-3.779486755713943325e-01,1.633877340948939605e-01
2.208338130336935656e-02,-4.097465367910197442e-01
-4.009547936919053979e-01,6.937189104654817307e-02
3.934041191804841242e-01,1.097746078377476592e-01
1.222656451593769206e-01,-3.771805491033085600e-01
5.382550033117403793e-02,-3.921953706654793259e-01
-3.539357151251523725e-01,-1.632919966950787394e-01
3.476856773550383584e-01,-1.663254652227193764e-01
2.229629077862686215e-01,-3.078861342667674750e-01
-3.376907235164958720e-01,1.855645571380229730e-01
-3.857326121770817684e-01,-7.665132861169861311e-02
1.131236209758415129e-01,3.886581490610012679e-01
3.937626445320198676e-01,-3.015216962748535484e-02
-5.733087945334939400e-02,4.019788376002293995e-01
-2.833815843692141234e-01,2.486299398899238233e-01
3.529624855659890814e-01,1.536392456791719485e-01
-1.569971471977412436e-01,3.659441181354866068e-01
2.465548343459900149e-01,-2.841415832624826776e-01
-2.884595248131534562e-01,-2.422928937245657222e-01
1.708485176185054744e-01,3.499998039926855986e-01
3.844112045139265188e-01,3.050583735440880531e-02
-3.750704711765486254e-01,3.124319669369163797e-03
-3.607353169247498603e-01,-9.570140569211564585e-02
2.899873890582922442e-01,2.315464723948700010e-01
-2.437273465349859836e-01,2.849928931298195134e-01
-2.279515032250907167e-02,-3.717590414410587019e-01
9.553277030744149190e-02,-3.608851324999655108e-01
2.392535647456716652e-01,2.716855635496337462e-01
-1.177257181656471696e-01,3.724764970172272371e-01
2.577671785751183275e-01,2.487377712184876410e-01
2.629101675656826398e-01,-2.341235675500324964e-01
2.239425390369707142e-02,3.811686401371636168e-01
3.508096012201627478e-01,-1.001461892883606791e-01
5.209841891100336353e-02,3.701359774811365244e-01
-1.257324214295836573e-01,-3.287579753390509341e-01
3.550568217676879912e-01,7.349800291746753922e-02
-2.918822909884538075e-01,-1.918595481852015949e-01
-2.279951744051989526e-01,-2.550794179096471104e-01
1.460572634185855201e-01,-3.196775602393299720e-01
-1.840807191954512423e-01,-2.862492876923742324e-01
-1.713036051677513660e-01,3.009004434283991114e-01
-1.238971701353568794e-01,3.375791541348788782e-01
1.285201946863535338e-01,3.092557676988092474e-01
9.946888010777814315e-02,3.253454129477739709e-01
-1.382239047849098679e-01,3.097322445932639834e-01
-3.317420837398109973e-02,3.435869894606741193e-01
-3.003239010573194312e-01,-1.433573453263128628e-01
2.621159263715852061e-01,1.968171371635056288e-01
-2.177112621128790559e-02,3.402838720343074330e-01
-3.212409505295310552e-01,-6.490277030261085156e-02
-2.732850537248862621e-01,1.713786428221525382e-01
2.816403748746146296e-01,1.454170024260172389e-01
-2.032957011905888178e-01,-2.366662752493603195e-01
-1.679618612435015423e-01,-2.671740159743806187e-01
-1.007521718722339671e-01,3.016569690517258984e-01
-1.808012258591927268e-01,2.595273004994899102e-01
-2.959092592018595647e-01,1.094571811695390501e-01
-3.263808615537907576e-01,1.521288568297245701e-02
-2.900513955217705608e-01,-1.135920052627830967e-01
2.735295720888232807e-01,-1.547234402263859832e-01
3.329142475987268424e-01,-1.777610937021369825e-02
1.535270955586868213e-01,-2.751899397945984926e-01
1.647172129969099452e-01,-2.612169939995078738e-01
2.990192270550164344e-01,1.163015678161082450e-01
2.305767208276051361e-01,-1.908159368573482950e-01
2.968439405396063879e-01,-8.892818580818426244e-02
3.223859220899411571e-01,-4.165056198409569643e-02
5.105455350632370770e-02,-3.236513841151388293e-01
-2.373151506580049586e-01,1.814506175916492936e-01
-4.062276874406153121e-02,-3.103810865989062306e-01
2.261755920986079360e-01,2.018229706637544307e-01
-3.065996315411881334e-01,5.008801407439440745e-02
-1.236556210945831263e-01,-2.665744052453569157e-01
6.397655612284595950e-02,-3.054226379636302835e-01
1.143320420565767243e-01,2.686325774327436022e-01
1.613125065162470673e-01,2.430004913748185225e-01
2.009615747364798255e-01,2.033712182664345614e-01
-2.084887258271455879e-01,-1.708418154587864335e-01
-2.865564541618303290e-03,-3.007383252855826417e-01
2.959986959635595993e-01,6.135344421792879310e-02
-2.126289614460687150e-01,1.637291125492244537e-01
-2.496945805161634724e-01,-1.212128574600580683e-01
-5.335573018606235007e-02,-2.828390728824536904e-01
-2.671232849134120291e-01,-6.663142932079116343e-02
7.740502938563126323e-02,2.738316844774793535e-01
-2.123363047651665933e-02,2.847452644537074029e-01
-1.658578480172868685e-01,2.103008370690535311e-01
1.042962793045783265e-01,-2.513851717121589613e-01
2.493936826449953958e-01,-9.778485548961779461e-02
-1.491048812541813928e-01,-2.211359950069684555e-01
5.654600123758212610e-02,-2.625196976416442896e-01
5.068995939877139756e-02,2.719169541339598317e-01
-2.602309179052882393e-01,1.050901017809859929e-02
1.669162890340170347e-01,-1.939309670273720587e-01
2.394676564469252755e-01,1.051021890280167681e-01
-1.028712308954249366e-01,2.251596799491414058e-01
-2.090057714978513503e-01,1.342579146075735808e-01
-1.505431359074391184e-01,1.930467490550001330e-01
-3.116356032562133879e-02,2.557985886125050956e-01
-2.469624538809476744e-01,6.176059575980639288e-02
1.112992488996040752e-01,-2.176719156290615187e-01
2.546202969755035350e-01,-3.381754180334801269e-02
2.436778714102579291e-01,5.054024918631382091e-02
1.927871354303692109e-01,1.457563813184741541e-01
1.615514496219770113e-01,-1.724990532094544393e-01
1.285167553515614014e-01,2.016540403726186370e-01
2.455893237323607259e-01,-6.305146270505893914e-04
3.500992323661965971e-02,2.358145696073603859e-01
-1.213352446129420809e-01,-1.929429909964525125e-01
-5.216399124664164444e-02,-2.275014237709703235e-01
-8.021119743617223519e-03,-2.282101534430637790e-01
1.816131067870687954e-01,-1.231818524028610584e-01
1.714667848891495150e-01,1.330681642017810251e-01
-1.390575693832624971e-01,-1.566297506919475391e-01
1.110122926705642693e-01,1.845633321375793889e-01
-1.971840647342108233e-01,9.524980282477564508e-02
2.215246957696908048e-01,4.003653208497835736e-02
2.151332511273384707e-01,-1.268364684928382884e-02
2.049849927709595371e-02,-2.092083545450087734e-01
-6.528685199097612746e-02,1.940821433987166000e-01
-1.356066953152386678e-01,1.477121121707219709e-01
-1.781659615967782495e-01,-9.154155044529414809e-02
-1.997093140395670707e-01,1.613089461818307396e-02
1.779773109791206454e-01,-9.048012822441310610e-02
-1.860398225396052985e-01,-7.726496999369754370e-02
6.875480435154177061e-02,-1.748614309797105471e-01
-1.632690712222125140e-01,9.965659194872254767e-02
-1.965324791779798561e-02,1.885416919715831308e-01
-4.804319679909296870e-02,-1.674841543246751996e-01
-1.655902092293438099e-01,1.630555459420818254e-02
1.380890874971956450e-01,1.069536231851995062e-01
8.783978525259741876e-02,1.540557923227122705e-01
-7.535389298607926556e-02,-1.442494486355898331e-01
-1.467643380265227504e-01,-3.439054241487491531e-02
-2.497762926859430771e-02,1.583520475072707212e-01
1.601894554378999191e-01,-2.213740547078374074e-02
-1.160741960300853970e-01,-1.011667060459181949e-01
1.303530376119981238e-01,-1.170097014962970111e-01
1.408010100146934486e-02,-1.331620572158607740e-01
7.617189342811230002e-02,-1.255697246422768087e-01
3.329050637694157960e-02,1.317245417638849836e-01
1.249616150122399988e-01,-4.874172031034817304e-02
-9.118828204134893367e-02,1.435328419069296646e-01
-1.106810860614080988e-01,1.078827768889742689e-01
1.465171378222651088e-01,1.447956737615432518e-02
-8.720842151752133953e-02,-7.569802079252854754e-02
-6.427044095793070337e-03,-1.000211606018913957e-01
-9.894113851623283218e-02,6.326209087034370682e-02
1.123289234395947050e-01,3.353978609219616241e-02
-1.012697008049184000e-01,1.084455472720871443e-02
6.864300039419909960e-02,7.734857714718559873e-02
1.021105393056106064e-01,2.335730440639245328e-02
2.072508529899381730e-04,1.000390716989882217e-01
5.184782906311337369e-02,-4.542967199138679690e-02
4.344178596763784844e-02,-2.084440208211820519e-03
-2.282492673848910206e-02,-4.594765989127333472e-02
-7.254692993070022133e-02,-9.018238163468287119e-03
5.082637486470555771e-02,4.814425719929500691e-02
-3.992632174169440107e-02,2.617945009223549002e-02
-2.705401427831869918e-02,5.973916762428443938e-02
-2.160396543285826240e-02,-5.017834403143813134e-03
