5.771587253871758305e-01,8.066039509306536237e-01
3.103223393112319317e-01,9.434590491499172948e-01
4.484943033568286608e-01,8.782540859705335601e-01
5.370525306560931522e-01,8.193669366233898854e-01
7.394455738412714085e-01,6.558917996613499168e-01
8.994446624770362497e-01,4.498802249946241005e-01
8.139364753824094301e-01,5.483763688558572769e-01
6.425944536638868998e-01,7.044023344429402034e-01
8.371154128286361074e-01,4.829998467814649588e-01
8.859643419981197976e-01,4.018207694328407298e-01
9.294457414027478270e-01,3.067558224169775194e-01
9.565359238294268707e-01,2.165024899620581200e-01
7.331701185073570270e-01,5.978485295441784420e-01
7.613606141238755676e-01,5.652802187667075318e-01
8.994446624770370269e-01,-4.498802249946228238e-01
5.771587253871650613e-01,-8.066039509306434097e-01
7.394455738412674117e-01,-6.558917996613441437e-01
4.484943033568301596e-01,-8.782540859705352254e-01
5.370525306560951506e-01,-8.193669366233919948e-01
8.139364753824078758e-01,-5.483763688558601634e-01
9.565359238294189881e-01,-2.165024899620590915e-01
9.294457414027424980e-01,-3.067558224169756875e-01
3.103223393112339856e-01,-9.434590491499177389e-01
8.859643419981345636e-01,-4.018207694328456148e-01
8.371154128286313334e-01,-4.829998467814600183e-01
6.425944536638888982e-01,-7.044023344429364286e-01
7.331701185073524751e-01,-5.978485295441811065e-01
-1.365073847878924829e-01,9.912080403865380918e-01
-1.365073847878940094e-01,-9.912080403865415335e-01
2.642702689928987381e-01,-9.341285346148597846e-01
-2.474574042637306126e-01,-9.510229824373961360e-01
-6.037666977602543783e-01,-7.806837706552952616e-01
-3.287573717960514119e-01,-9.134288037652236181e-01
-3.901204714039350763e-01,-8.956854838935213170e-01
-4.422455220691381417e-01,-8.726473791276798675e-01
-4.863073876081731028e-01,-8.429880014669950405e-01
-7.359303605244637003e-01,-6.663084855347193303e-01
-6.902133325783122997e-01,-7.029662282930987383e-01
-8.295520216563024851e-01,-5.557676893700842502e-01
-8.605634356219783454e-01,-4.956605668088434613e-01
-2.474574042637311400e-01,9.510229824374044627e-01
-6.037666977602493823e-01,7.806837706552910428e-01
-3.901204714039305244e-01,8.956854838935119911e-01
-4.422455220691412503e-01,8.726473791276754266e-01
-4.863073876081716040e-01,8.429880014669914878e-01
-7.359303605244603697e-01,6.663084855347194413e-01
-6.902133325783105233e-01,7.029662282931014028e-01
-8.295520216563048166e-01,5.557676893700876919e-01
-8.977434874521738051e-01,-4.213881037268268348e-01
-7.701846256425021187e-01,-5.846212926740129712e-01
-8.605634356219797887e-01,4.956605668088455152e-01
-1.008235763770648719e+00,-3.630559411146078164e-02
-1.008235763770645832e+00,3.630559411146486171e-02
-8.977434874521770247e-01,4.213881037268303875e-01
-9.476909152624488630e-01,-2.938851119249582533e-01
-5.772034376646950626e-01,-7.510884363696890276e-01
-6.428624985600387420e-01,-6.901520246056528363e-01
-9.217643820914064312e-01,-3.216142395229124595e-01
-9.694998723493952753e-01,-1.704426894777618384e-01
-7.701846256425198822e-01,5.846212926740186333e-01
-9.476909152624475308e-01,2.938851119249592525e-01
-9.217643820914037667e-01,3.216142395229094619e-01
-9.694998723493929438e-01,1.704426894777610058e-01
-9.500314534381930631e-01,2.163204942842336942e-01
-5.772034376646860698e-01,7.510884363696891386e-01
-6.428624985600359665e-01,6.901520246056525032e-01
-9.500314534381864018e-01,-2.163204942842327505e-01
-8.721832538433686999e-01,3.809507494347069700e-01
-3.287573717960503572e-01,9.134288037652277259e-01
-8.721832538433673676e-01,-3.809507494346976997e-01
6.574043277771147720e-01,6.684391038101250571e-01
9.149234189824879682e-01,3.236546977011125481e-01
6.013019058607826928e-01,7.171027062666727181e-01
2.642702689928976834e-01,9.341285346148554547e-01
8.137702750201962765e-01,4.891100801842017676e-01
5.273575218746447968e-01,7.792404236952694685e-01
9.609468598143633411e-01,1.262382929504400619e-01
9.609468598143718898e-01,-1.262382929504346496e-01
-8.859178135533123111e-02,9.700495381196547751e-01
9.149234189824833052e-01,-3.236546977011093285e-01
-7.412376002336930059e-01,-5.649648355951797374e-01
-2.729360193689977371e-02,9.751202346779784813e-01
3.756773755354859134e-01,8.749472196577998684e-01
7.613606141238854486e-01,-5.652802187667119727e-01
-8.859178135533166132e-02,-9.700495381196547751e-01
4.891735912718033624e-02,9.697104147050022993e-01
6.574043277771163263e-01,-6.684391038101273885e-01
-2.540136598754375030e-01,-9.252847868340556836e-01
-2.729360193689792796e-02,-9.751202346779913599e-01
6.013019058607829148e-01,-7.171027062666757157e-01
5.273575218746423543e-01,-7.792404236952723551e-01
-7.412376002337008885e-01,5.649648355951880641e-01
3.756773755354876343e-01,-8.749472196577956495e-01
4.891735912718078033e-02,-9.697104147050105150e-01
1.387988904433686554e-01,-9.475365780315644360e-01
2.015150015104620607e-02,-9.609934668000164049e-01
1.387988904433688220e-01,9.475365780315763153e-01
8.137702750202018276e-01,-4.891100801842080958e-01
2.015150015104401338e-02,9.609934668000168489e-01
-2.540136598754366148e-01,9.252847868340579041e-01
8.812614641052858577e-02,-9.533273444371929140e-01
9.550346261754731891e-01,-8.516006333961051444e-02
9.550346261754774080e-01,8.516006333960864094e-02
6.793335302844433210e-01,6.225586444995175883e-01
4.251809262298869019e-01,8.366921365253363607e-01
8.812614641052712861e-02,9.533273444371885841e-01
4.251809262298938963e-01,-8.366921365253465748e-01
-8.483911278563665004e-01,-4.041754864008923476e-01
6.793335302844437651e-01,-6.225586444995181434e-01
-8.483911278563628366e-01,4.041754864008914594e-01
-5.330254783115245809e-01,-7.534480262522983418e-01
-4.855818344937090636e-01,-7.873232332661777022e-01
-6.645549636583852893e-01,-6.288792744123958833e-01
-9.499641719888551883e-01,3.405125242885988224e-02
-6.645549636583741870e-01,6.288792744123877787e-01
-5.330254783115314643e-01,7.534480262523016725e-01
-9.499641719888569646e-01,-3.405125242885981979e-02
-7.833995403779893119e-01,4.834149562100944486e-01
-7.833995403779884237e-01,-4.834149562100942821e-01
-4.855818344937116171e-01,7.873232332661793675e-01
-5.756146299254280008e-01,-7.047071672316140845e-01
9.161558160199079204e-01,-2.584503041516484911e-01
9.161558160199080314e-01,2.584503041516486022e-01
4.911136856991325517e-01,7.717530314134762870e-01
-5.756146299254267795e-01,7.047071672316157498e-01
4.911136856991363264e-01,-7.717530314134821712e-01
7.570991445013235399e-01,5.106924542015796042e-01
8.926784074380103018e-01,3.110786916994727203e-01
-8.184286110059326713e-01,4.273855544226759506e-01
8.926784074380117451e-01,-3.110786916994739970e-01
-7.275557204507130393e-01,5.325375097871700714e-01
6.280653738425123755e-01,6.378598955996328534e-01
-8.184286110059280084e-01,-4.273855544226711767e-01
7.570991445013126597e-01,-5.106924542015757185e-01
3.950496467731158812e-01,8.413630273525374292e-01
2.089185360249587176e-01,9.154344331262046497e-01
6.280653738425079347e-01,-6.378598955996317432e-01
-9.367880453476054026e-01,-9.587601931102195107e-02
-1.038723348488794218e-01,9.383853564827928651e-01
3.950496467731209882e-01,-8.413630273525402048e-01
2.089185360249582180e-01,-9.154344331262067591e-01
-1.038723348488772291e-01,-9.383853564827895344e-01
1.521260035649198983e-01,9.267231456386340049e-01
-4.835323658621019649e-01,-7.746312715727770026e-01
1.521260035649192599e-01,-9.267231456386332278e-01
-2.050448007465264233e-01,-9.156478721010662403e-01
9.185169893939908459e-01,2.002072858101385244e-01
9.391134226120130268e-01,3.600342054725479135e-02
9.391134226120119166e-01,-3.600342054725601953e-02
9.185169893939990615e-01,-2.002072858101364150e-01
8.046593353691973149e-01,4.387319722769812969e-01
4.157917995280673851e-01,8.130590304596237994e-01
3.513839872271560250e-01,8.528763461909301125e-01
-2.050448007465241473e-01,9.156478721010591348e-01
3.513839872271538045e-01,-8.528763461909224519e-01
4.157917995280674406e-01,-8.130590304596249096e-01
-4.464486937885404072e-01,-8.021720640393881219e-01
-2.772291048351678278e-01,-8.877676685792028621e-01
-4.835323658621015208e-01,7.746312715727603493e-01
3.595795801778839396e-02,-9.311266519286697241e-01
8.046593353691897654e-01,-4.387319722769774111e-01
-9.367880453476045144e-01,9.587601931101727426e-02
-4.464486937885425721e-01,8.021720640393914525e-01
-2.772291048351674392e-01,8.877676685792019740e-01
3.595795801778917111e-02,9.311266519286850452e-01
-8.635095272715748171e-01,-3.254219630637286698e-01
-8.635095272715724857e-01,3.254219630637254501e-01
-3.840850269586502663e-01,-8.349412036318670793e-01
-7.275557204507168141e-01,-5.325375097871701824e-01
-6.076097009170979835e-01,6.466743975214408469e-01
-3.840850269586526533e-01,8.349412036318724084e-01
-6.076097009171050889e-01,-6.466743975214399587e-01
-8.962206632384116523e-01,-2.215381189735914358e-01
9.171839280632232416e-01,-1.119520877589708641e-01
9.171839280632120284e-01,1.119520877589662289e-01
-9.115263944408056318e-01,-1.556592322850730292e-01
-7.747649846990706246e-01,-4.484831008165989785e-01
-7.747649846990767308e-01,4.484831008165953148e-01
-8.962206632384156491e-01,2.215381189735897427e-01
-3.735363757601199985e-01,-8.376871204531979309e-01
-6.638480851116993486e-01,-5.744586769395021442e-01
-6.638480851117053438e-01,5.744586769395096937e-01
-9.115263944408115160e-01,1.556592322850781640e-01
-3.735363757601228851e-01,8.376871204531939341e-01
2.457683184571744783e-01,-8.856934996104476321e-01
5.554622568651631509e-01,-6.854363589096821308e-01
6.017286282136368181e-01,-6.431974452231553618e-01
5.554622568651630399e-01,6.854363589096852394e-01
-1.616661370152555344e-01,-9.074879507180151350e-01
6.017286282136364850e-01,6.431974452231492556e-01
-2.405741632788064438e-02,-9.230348345842306346e-01
9.078105873582118512e-01,1.516279798651737898e-01
9.078105873582075214e-01,-1.516279798651712085e-01
2.457683184571758939e-01,8.856934996104477431e-01
-1.616661370152565891e-01,9.074879507180149130e-01
-2.405741632788431505e-02,9.230348345842428470e-01
2.777072045767887132e-01,-8.603031286849710524e-01
-9.073706822064968591e-01,-8.649641386000388177e-02
-9.073706822064965261e-01,8.649641386000180010e-02
-7.871557379509794283e-02,-8.989235662267157645e-01
-7.328827119265877155e-01,4.857427640875352504e-01
-7.328827119265942658e-01,-4.857427640875388586e-01
2.935512424334560944e-01,-8.462664768946953631e-01
2.777072045767890462e-01,8.603031286849668335e-01
-8.715995646673692088e-01,-2.297433438128626826e-01
-7.871557379509611097e-02,8.989235662267224258e-01
-2.897955896461729131e-01,-8.388658711448191418e-01
-8.715995646673693198e-01,2.297433438128613781e-01
2.935512424334644765e-01,8.462664768947006921e-01
-6.677860862342251957e-01,-5.399029882840135075e-01
8.186518564500977480e-01,3.764314432851167957e-01
7.139678791214457698e-01,5.045775709747046811e-01
8.186518564501037432e-01,-3.764314432851212922e-01
4.798186798127775932e-01,7.245489887381818539e-01
4.798186798127769825e-01,-7.245489887381871830e-01
-6.677860862342226422e-01,5.399029882840157279e-01
-2.897955896461704151e-01,8.388658711448273575e-01
7.139678791214489895e-01,-5.045775709747006843e-01
8.601740519613650937e-01,2.659686272091161263e-01
8.601740519613745306e-01,-2.659686272091152937e-01
9.016226819171120344e-01,-1.601362585354590591e-15
-4.156280242513766265e-01,7.466470631169239702e-01
-8.249822068865800828e-01,-2.939886064512264863e-01
7.690553402492960045e-01,4.260582542239717552e-01
7.690553402492932289e-01,-4.260582542239741421e-01
-8.322480770634402836e-01,2.718236220480474974e-01
-8.249822068865871882e-01,2.939886064512259867e-01
-8.322480770634500535e-01,-2.718236220480454435e-01
8.399884120944783872e-01,2.953031993488117180e-01
8.399884120944862698e-01,-2.953031993488176576e-01
8.298197784293893653e-01,3.087351491114393442e-01
8.298197784293941393e-01,-3.087351491114395108e-01
8.761154966481579098e-01,-8.968124319562420510e-02
8.761154966481622397e-01,8.968124319562857660e-02
-5.253413713662058449e-01,-6.761967990457046218e-01
-5.253413713662059559e-01,6.761967990457072863e-01
1.177644405405494643e-01,8.697477512877493933e-01
5.634300532696856489e-01,6.425510514305265986e-01
-7.419117518807391010e-01,-4.162796168095224125e-01
-5.066526309948918838e-01,6.704901582891850120e-01
5.634300532696827624e-01,-6.425510514305243781e-01
4.085199767859942210e-01,-7.524615813329189606e-01
6.080695677517954367e-01,5.903812593972581624e-01
7.973978838533036795e-01,-3.504288111148260998e-01
6.080695677517924391e-01,-5.903812593972623812e-01
7.973978838532945757e-01,3.504288111148277096e-01
1.177644405405481737e-01,-8.697477512877402894e-01
-7.419117518807313294e-01,4.162796168095228566e-01
-5.923694121132674351e-01,5.987678589164689980e-01
-4.156280242513857304e-01,-7.466470631169334071e-01
-5.923694121132795365e-01,-5.987678589164709964e-01
-2.850875384187474548e-01,-8.221376834909509546e-01
-8.685561633838347895e-01,-9.916190393844193096e-02
-8.685561633838446705e-01,9.916190393843987705e-02
-8.755246071080291514e-01,-4.038631459005675994e-02
-8.755246071080350356e-01,4.038631459005578850e-02
-5.066526309948922169e-01,-6.704901582891860112e-01
4.085199767859946651e-01,7.524615813329175174e-01
6.400456237622510480e-01,5.527660042430304621e-01
6.400456237622589306e-01,-5.527660042430252441e-01
-8.754429974789740276e-01,-4.071418679732019652e-15
8.460868385351204557e-01,-2.226288329081999584e-01
8.574722443815160355e-01,-1.719821406048779033e-01
8.574722443815234740e-01,1.719821406048816226e-01
8.460868385351134613e-01,2.226288329081986817e-01
-6.822728605536992896e-01,4.857994743893959133e-01
-6.822728605536954039e-01,-4.857994743894009648e-01
7.066350610138288912e-01,4.623095420600017436e-01
7.066350610138263377e-01,-4.623095420599999117e-01
-1.637930774498485009e-01,-8.544219077191562706e-01
-5.319489421601101276e-01,-6.310701260823777803e-01
-2.850875384187488426e-01,8.221376834909491782e-01
-3.810347779792986889e-01,-7.617431717542555436e-01
-1.799840792756527905e-02,-8.733169101475486418e-01
-1.637930774498460584e-01,8.544219077191438361e-01
-1.799840792756689581e-02,8.733169101475533047e-01
1.810231573377346359e-01,-8.471270360425791068e-01
1.810231573377389658e-01,8.471270360425778856e-01
-5.319489421601093504e-01,6.310701260823650127e-01
-8.342479458267858528e-01,2.112561498447795005e-01
-8.342479458268078352e-01,-2.112561498447831088e-01
-3.810347779792945810e-01,7.617431717542477720e-01
4.918996352434984454e-01,6.650783216840302492e-01
5.136563948741843522e-01,6.446775568640419340e-01
4.918996352434981678e-01,-6.650783216840286949e-01
8.633143933921969548e-01,-2.256690295966089568e-02
8.633143933921907376e-01,2.256690295966634272e-02
-7.809756900911581923e-01,-3.326586519619047499e-01
-7.809756900911603017e-01,3.326586519619131876e-01
5.136563948741817986e-01,-6.446775568640421561e-01
3.702622264122307771e-01,7.618883369550959461e-01
6.450231308641843908e-01,5.088524906612581500e-01
3.702622264122306106e-01,-7.618883369550936147e-01
6.450231308641863892e-01,-5.088524906612593712e-01
-1.105985774304601293e-01,-8.517719819979748808e-01
-2.484320965172547302e-01,-8.145067688356730784e-01
-1.105985774304569236e-01,8.517719819979776563e-01
-2.484320965172519546e-01,8.145067688356752988e-01
1.274055237575377753e-01,-8.493789442707055937e-01
7.820938423950541951e-01,-3.397994859562928349e-01
7.820938423950537510e-01,3.397994859562926129e-01
1.274055237575330568e-01,8.493789442707097015e-01
-8.429815871284662698e-01,8.755387199258164721e-02
-8.429815871284632722e-01,-8.755387199258335418e-02
2.769212055197078359e-01,-8.024783717819825579e-01
2.769212055197100009e-01,8.024783717819855555e-01
2.499211408445344840e-01,8.091692229025573280e-01
2.499211408445363714e-01,-8.091692229025633232e-01
-6.328865788579350893e-01,-5.102141744568849946e-01
-6.328865788579275398e-01,5.102141744568842174e-01
-8.029637134875623472e-01,2.330287961494380555e-01
-8.029637134875607929e-01,-2.330287961494348359e-01
3.687054565912311621e-01,-7.406686694404108762e-01
7.069971194650902513e-01,4.283256894890753452e-01
3.687054565912389892e-01,7.406686694404168714e-01
7.069971194650909174e-01,-4.283256894890767330e-01
6.595235927589250258e-01,4.763137291959796404e-01
-8.232603852539851497e-01,-1.412852818385993414e-01
-8.232603852539847056e-01,1.412852818386010345e-01
6.595235927589221392e-01,-4.763137291959745334e-01
4.454498795154898105e-01,-6.758557339246450413e-01
4.454498795154946955e-01,6.758557339246511475e-01
5.946769867748780136e-01,5.386687174309755521e-01
5.547298506244769944e-01,5.711823141444598573e-01
5.946769867748714633e-01,-5.386687174309777726e-01
5.547298506244887628e-01,-5.711823141444749563e-01
-2.875149207783586069e-01,-7.762294536160923020e-01
-2.875149207783586069e-01,7.762294536160966318e-01
-4.409857389991042598e-01,-6.730883903698340331e-01
8.345918391696783845e-01,5.171191536198379152e-16
8.199123227372304701e-01,-1.277902787566263798e-01
8.199123227372395739e-01,1.277902787566278509e-01
-6.591354638296583746e-01,-4.512637281220500673e-01
-6.591354638296602619e-01,4.512637281220571173e-01
5.992302345984741596e-02,-8.298373375948339126e-01
-3.491198790870311264e-01,-7.437842339964180205e-01
5.992302345984783229e-02,8.298373375948363551e-01
-4.409857389991051480e-01,6.730883903698372528e-01
-3.491198790870321811e-01,7.437842339964245708e-01
-4.822886785884923366e-01,-6.245993407654585328e-01
-4.164797484946810013e-01,-6.817757088028038037e-01
-1.539310357791805195e-01,-8.101882241877150781e-01
-1.539310357791807415e-01,8.101882241877133017e-01
-4.822886785884955563e-01,6.245993407654608642e-01
9.464699597577416745e-02,8.217666370179546043e-01
9.464699597577380663e-02,-8.217666370179534940e-01
1.895238139135440036e-01,-7.951355763206965355e-01
3.108905474510538225e-01,-7.453995493827058061e-01
-2.546014218711626920e-01,-7.739263294103382318e-01
2.411961071211300711e-01,-7.719596672858552999e-01
-8.662393969335456523e-02,-8.115628980864458830e-01
1.895238139135398681e-01,7.951355763206954252e-01
3.108905474510488820e-01,7.453995493826989227e-01
-3.612754380450989289e-01,-7.120232818094776039e-01
-4.164797484946792805e-01,6.817757088028125745e-01
-2.546014218711614152e-01,7.739263294103319035e-01
-4.928135327175688085e-02,-8.081094976032541233e-01
2.411961071211323471e-01,7.719596672858596298e-01
3.713038743217545595e-02,-8.054622662016975854e-01
-6.838196689888065283e-01,-3.933455178447160527e-01
-7.517701350008335615e-01,-2.761516885238056163e-01
1.025396290261284399e-02,-8.008208931404616759e-01
-3.612754380450945990e-01,7.120232818094781591e-01
-7.517701350008301198e-01,2.761516885238047281e-01
-8.064509534738085739e-01,-2.585395677760747926e-02
-8.064509534738020236e-01,2.585395677760886704e-02
-6.838196689888055291e-01,3.933455178447151646e-01
4.149842924078663287e-01,-6.562188083287158191e-01
-4.888678168622014319e-01,-5.935368358407567824e-01
-8.662393969335584198e-02,8.115628980864433295e-01
7.753969798769644317e-01,-2.315654701417195760e-01
7.753969798769636546e-01,2.315654701417164119e-01
-7.853839147836892964e-01,-1.464031531305099720e-01
-7.027675881509888312e-01,-3.469276249911180665e-01
7.351199607244560674e-01,-3.019954337469366590e-01
-7.853839147836829682e-01,1.464031531305103606e-01
-4.928135327175750535e-02,8.081094976032604515e-01
7.351199607244564005e-01,3.019954337469352157e-01
7.023124844753528828e-01,-3.553729256943453096e-01
4.149842924078619988e-01,6.562188083287114893e-01
7.023124844753575458e-01,3.553729256943431447e-01
3.713038743217848131e-02,8.054622662016974743e-01
-7.027675881509972688e-01,3.469276249911217302e-01
7.545793744038754580e-01,-2.438315625915667417e-01
1.025396290261547036e-02,8.008208931404646735e-01
7.545793744038742368e-01,2.438315625915646878e-01
-7.597303639358387040e-01,-1.988143186235933335e-01
-7.597303639358445881e-01,1.988143186235946103e-01
7.703449628281882067e-01,-1.683460465457258248e-01
7.703449628281876516e-01,1.683460465457256028e-01
7.852115207376544337e-01,3.567664501877634148e-02
-4.888678168621983233e-01,5.935368358407505651e-01
7.852115207376498818e-01,-3.567664501877583494e-02
-1.751270105485467909e-01,-7.676771253604731671e-01
-1.751270105485508155e-01,7.676771253604766088e-01
-7.162243587726985217e-01,3.007048999143412948e-01
-7.162243587726958571e-01,-3.007048999143445700e-01
-5.766623909632816458e-01,-4.961410362928386775e-01
-5.766623909632841993e-01,4.961410362928414530e-01
-6.129958020786769879e-01,-4.550358352896210490e-01
-6.129958020786810957e-01,4.550358352896280989e-01
-4.109852844611872613e-01,-6.451195684509039019e-01
-5.431345104632816501e-01,-5.298413215788647657e-01
-4.109852844611944778e-01,6.451195684509073436e-01
-5.431345104632825382e-01,5.298413215788677633e-01
6.260249244801118218e-01,4.399499258508227095e-01
3.933331340768870255e-01,6.490604678638650649e-01
6.260249244801157076e-01,-4.399499258508235422e-01
5.205130990901197796e-01,5.424408964042030101e-01
4.913216526959472974e-01,5.708356250801110976e-01
3.933331340768879691e-01,-6.490604678638639546e-01
5.205130990901229993e-01,-5.424408964042106707e-01
4.913216526959497399e-01,-5.708356250801155385e-01
-4.529486141207401673e-01,5.942744038023122233e-01
6.401808965043054300e-01,4.011131246619635826e-01
6.401808965043067623e-01,-4.011131246619631940e-01
-8.982102604523603540e-02,7.645592973584360852e-01
2.466768438629849403e-01,-7.237448439622877761e-01
-4.529486141207343941e-01,-5.942744038023004549e-01
-8.982102604523700684e-02,-7.645592973584345309e-01
7.626537426585511259e-01,6.490153218387816059e-02
7.626537426585640045e-01,-6.490153218388089451e-02
5.634312568890682549e-01,4.813338449673788544e-01
5.634312568890773587e-01,-4.813338449673830732e-01
4.299473588043223882e-01,6.075321117906308244e-01
-7.670798580953485102e-01,4.324486404425326708e-15
4.299473588043190020e-01,-6.075321117906262725e-01
2.466768438629834137e-01,7.237448439622865548e-01
7.874155912542160629e-02,7.622843499624892827e-01
7.874155912542143976e-02,-7.622843499624918362e-01
-2.113650081541541825e-01,7.343242877332490925e-01
-5.084979257069112135e-01,5.229341696423538410e-01
-5.084979257069196512e-01,-5.229341696423621677e-01
-2.113650081541503523e-01,-7.343242877332427643e-01
2.757114067512405620e-01,7.014487989340389973e-01
2.757114067512435041e-01,-7.014487989340560947e-01
-1.690965109053920723e-01,7.419936401594531272e-01
-4.140838491841923874e-01,5.982979943653466970e-01
-1.690965109053914617e-01,-7.419936401594465769e-01
-4.140838491841916658e-01,-5.982979943653513599e-01
-3.073867852080491292e-01,-6.865090687614240350e-01
-3.073867852080517382e-01,6.865090687614274767e-01
-7.066914331894921242e-01,-2.270014754478379415e-01
-7.066914331894933454e-01,2.270014754478361374e-01
6.742895311635429545e-01,-3.218297800420676924e-01
-6.755313503700229871e-01,-2.880622834377722929e-01
-7.409993494991699015e-01,3.361977021993654835e-02
-7.409993494991676810e-01,-3.361977021993537568e-02
-6.755313503700214328e-01,2.880622834377689623e-01
7.072960798959787576e-01,-2.427341206063635681e-01
7.424607438925221459e-01,-1.041188494631987427e-01
6.742895311635395128e-01,3.218297800420645838e-01
-6.161449820714931525e-01,-3.826843196541437342e-01
7.072960798959764261e-01,2.427341206063602097e-01
7.424607438925269198e-01,1.041188494631993394e-01
-7.229867496675196348e-01,1.303874623420340217e-01
-7.229867496675158600e-01,-1.303874623420310241e-01
-6.161449820714919312e-01,3.826843196541399594e-01
1.178637187408891757e-01,-7.359816457179833016e-01
6.361753284293719668e-01,3.694606341326767129e-01
6.361753284293734101e-01,-3.694606341326824861e-01
1.178637187408842907e-01,7.359816457179819693e-01
-5.392164249647272145e-01,-4.692827939883039146e-01
7.413957768771435308e-01,-1.729989237256800172e-15
-5.392164249647315444e-01,4.692827939883122412e-01
-3.612598210013641675e-01,-6.248225620566385530e-01
4.303799670535845001e-01,-5.772408977476614078e-01
4.303799670535914945e-01,5.772408977476694014e-01
6.027146290024306685e-01,3.985845398091059644e-01
6.027146290024393283e-01,-3.985845398091098502e-01
-3.612598210013671651e-01,6.248225620566411065e-01
-1.333717763333706618e-01,-7.198203496368075216e-01
-4.939733966928897546e-01,-5.058666998487818534e-01
-4.677747703393037026e-02,-7.314404906353216829e-01
-1.333717763333680806e-01,7.198203496368141829e-01
-4.677747703392923923e-02,7.314404906353252356e-01
5.575290592594662753e-01,-4.421134746838050189e-01
5.575290592594613903e-01,4.421134746838057406e-01
-4.939733966928903097e-01,5.058666998487875155e-01
3.459718041363579188e-01,-6.209779689149160786e-01
3.459718041363590291e-01,6.209779689149214077e-01
7.005482812607519705e-01,1.597594622262248354e-01
2.120252416023639952e-01,-6.872549875161109156e-01
3.153269106348064454e-01,-6.367012871908857008e-01
2.120252416023631348e-01,6.872549875161080291e-01
3.153269106348112194e-01,6.367012871908930283e-01
2.429514411783928740e-01,6.740772140531476886e-01
2.429514411783866012e-01,-6.740772140531462453e-01
-6.920244651497150512e-01,1.881880799084341138e-01
-6.920244651497152732e-01,-1.881880799084345302e-01
-2.911796828912539548e-01,-6.463022278995135261e-01
7.005482812607447540e-01,-1.597594622262253350e-01
-7.143438494339244826e-01,6.730656072575477711e-02
-7.143438494339203748e-01,-6.730656072575927351e-02
-2.911796828912523449e-01,6.463022278995169678e-01
6.985408165580171413e-01,-1.461650471803478957e-01
6.985408165580271334e-01,1.461650471803506435e-01
6.997775641582968387e-01,1.078993191224411619e-01
4.676730635013219284e-01,-4.972452661907399984e-01
4.676730635013258142e-01,4.972452661907400540e-01
1.923919956822047264e-02,-7.118571235689297172e-01
-6.492132968322686937e-01,-2.765930572596060344e-01
3.068546765806782761e-01,-6.206421925703627940e-01
1.923919956821941793e-02,7.118571235689349352e-01
3.068546765806812182e-01,6.206421925703613507e-01
-6.492132968322599229e-01,2.765930572595998171e-01
-5.333970215735531900e-02,-7.086112273524003413e-01
-5.333970215735814313e-02,7.086112273523956784e-01
-4.113328813903016079e-01,-5.545508026813328328e-01
6.997775641583003914e-01,-1.078993191224402459e-01
-4.113328813903033843e-01,5.545508026813320557e-01
-2.375729289791958243e-01,-6.647890132067491020e-01
-3.570048825762242029e-01,-5.933468213205346231e-01
-2.375729289791978782e-01,6.647890132067513225e-01
-3.570048825762238698e-01,5.933468213205297381e-01
-5.861847463962390758e-01,-3.498081153843374813e-01
2.214100341422242102e-01,-6.654836171643939702e-01
-5.861847463962386318e-01,3.498081153843330959e-01
2.214100341422276241e-01,6.654836171643948584e-01
-6.906517311059090503e-01,-1.158440089401823470e-01
-5.394682681016037540e-01,-3.920616483644427941e-01
-6.906517311059078290e-01,1.158440089401782669e-01
-5.394682681016079728e-01,3.920616483644444594e-01
-2.169945915825017835e-01,-6.591949754407456785e-01
-4.005208601466078711e-01,-5.264367878730016326e-01
4.784693730806258705e-01,-4.623384440596310929e-01
3.856751043689106706e-01,-5.380292922462204253e-01
4.945719905571476782e-01,-4.365435321497028731e-01
4.784693730806245937e-01,4.623384440596309264e-01
-2.169945915824971205e-01,6.591949754407431250e-01
-4.005208601466047624e-01,5.264367878730001893e-01
6.091697173718532698e-02,-6.896533223112931710e-01
4.945719905571509534e-01,4.365435321497047050e-01
3.856751043689098934e-01,5.380292922462246441e-01
6.128351065928970831e-01,3.027605254746805197e-01
6.958922401845865080e-01,-2.138480025546397788e-15
-4.650839199359659282e-01,-4.590653998938867275e-01
6.091697173718835234e-02,6.896533223112913946e-01
1.383516411870228113e-01,-6.783015805024456002e-01
6.128351065928893115e-01,-3.027605254746757457e-01
6.356098465784624230e-01,2.188178343050821983e-01
-4.650839199359762532e-01,4.590653998938888369e-01
6.319520778530411942e-01,-2.504075961117859794e-01
1.383516411870238660e-01,6.783015805024487088e-01
6.771660833509225430e-01,2.430253192460639208e-15
3.475274894241198731e-01,5.730497881206435551e-01
6.598385158016492058e-01,1.718420970209500187e-01
6.598385158016525365e-01,-1.718420970209506571e-01
6.319520778530393068e-01,2.504075961117826488e-01
6.356098465784669749e-01,-2.188178343050812824e-01
3.475274894241194845e-01,-5.730497881206464417e-01
-2.669713016259981503e-02,-6.845839546505255724e-01
-2.669713016259444779e-02,6.845839546505361195e-01
-1.566591141920248287e-01,6.675971087596771492e-01
-1.566591141920277708e-01,-6.675971087596715980e-01
-6.713731017399364731e-01,-1.538270912476489838e-01
-6.713731017399335865e-01,1.538270912476503993e-01
4.516996019584604283e-01,4.569766502078225212e-01
-6.885542685330084955e-01,1.606539198450021260e-15
4.516996019584601507e-01,-4.569766502078232984e-01
4.148937664788398538e-01,4.895441206366717424e-01
4.148937664788407975e-01,-4.895441206366705211e-01
-6.437993697463578746e-01,2.088602469432525865e-01
-6.437993697463575415e-01,-2.088602469432512265e-01
-2.972819221102418474e-01,-5.982071177529724171e-01
-5.903389432468310050e-01,-3.148463765886351240e-01
-5.903389432468351128e-01,3.148463765886369559e-01
-4.959885140784247581e-01,-4.258862508820577264e-01
-2.972819221102397935e-01,5.982071177529679762e-01
-4.959885140784223156e-01,4.258862508820586701e-01
-4.333823206540774464e-01,-4.726700852089508742e-01
-6.091430789204579366e-01,-2.630781015741380235e-01
8.962400374621463939e-02,-6.624320803700860516e-01
8.962400374621770638e-02,6.624320803700910476e-01
-2.352600131851392551e-01,6.264475982148831612e-01
-6.091430789204608232e-01,2.630781015741420759e-01
-4.333823206540737827e-01,4.726700852089415483e-01
-2.352600131851401155e-01,-6.264475982148861588e-01
-5.173520880708267766e-01,-3.729235460907909805e-01
-3.967163317859155880e-01,4.962446324222118954e-01
-5.173520880708224468e-01,3.729235460907951438e-01
-3.967163317859218052e-01,-4.962446324222212213e-01
6.597240543834721471e-01,-2.193292244723198746e-15
5.633656669862091571e-01,-3.077675653785555965e-01
5.633656669862115995e-01,3.077675653785562071e-01
4.229804052277137683e-02,6.520228907241870653e-01
6.398292552058468807e-01,-1.157120608351314694e-01
6.398292552058471028e-01,1.157120608351322466e-01
-2.682109600484684497e-01,5.915517023514011985e-01
-2.870599370194478750e-01,5.710610648835372505e-01
-2.682109600484708922e-01,-5.915517023514039741e-01
-4.472494249103747821e-01,4.301714979207540424e-01
-1.877135545294894292e-01,6.122427671866350618e-01
-2.870599370194558131e-01,-5.710610648835432457e-01
4.927379683413054545e-01,-3.973785379470697321e-01
4.229804052277417320e-02,-6.520228907241885086e-01
4.927379683413056766e-01,3.973785379470647916e-01
2.070924365725087535e-01,6.002374629482442048e-01
-4.472494249103757813e-01,-4.301714979207590939e-01
2.070924365725048399e-01,-6.002374629482398749e-01
2.567136543794550918e-01,5.703427964522584936e-01
2.567136543794554804e-01,-5.703427964522633786e-01
-1.877135545294914276e-01,-6.122427671866290666e-01
5.988242490174656707e-01,2.150274838518460296e-01
6.374688000260335663e-01,6.076171291203273650e-02
5.988242490174688903e-01,-2.150274838518466403e-01
6.374688000260345655e-01,-6.076171291203077973e-02
-5.969334796672417509e-01,2.307513329323164220e-01
-5.969334796672491894e-01,-2.307513329323205575e-01
3.216959954349000173e-01,-5.217659030250922925e-01
5.108237611266710498e-01,3.439238885721079275e-01
5.108237611266680522e-01,-3.439238885721035421e-01
3.216959954349000173e-01,5.217659030250881846e-01
6.172396831393958117e-01,1.297182250681941929e-01
6.172396831393924810e-01,-1.297182250681954419e-01
-5.607844541279898287e-01,2.806221586490522113e-01
-5.607844541279871642e-01,-2.806221586490493247e-01
5.716272474245194246e-01,2.331684662820422138e-01
5.716272474245154278e-01,-2.331684662820448783e-01
-8.134436328481846334e-02,6.194756829141176979e-01
-8.134436328481779721e-02,-6.194756829141200294e-01
-6.353005276272130075e-01,-5.777059244573504171e-02
-6.353005276272125634e-01,5.777059244573432700e-02
-2.000659249518506669e-02,-6.198882902524430749e-01
-2.000659249518417504e-02,6.198882902524361915e-01
-6.257347268112906091e-01,6.794976691602382102e-02
-6.257347268112889438e-01,-6.794976691602203078e-02
1.309747855713455124e-02,6.177190298422611248e-01
-6.115330506799626642e-01,-1.087082980053023368e-01
-6.115330506799643295e-01,1.087082980053029890e-01
4.299278125783306814e-02,-6.103362956532526473e-01
1.309747855713729037e-02,-6.177190298422707837e-01
4.299278125783487919e-02,6.103362956532479844e-01
-6.158692829837147942e-01,-2.592110310247110541e-02
-6.158692829837103533e-01,2.592110310247174379e-02
6.050689139447800180e-01,4.020062632100420558e-02
6.050689139447691378e-01,-4.020062632099893896e-02
3.200403955018912838e-01,-5.029182509880918417e-01
3.200403955018910618e-01,5.029182509880910645e-01
3.706291604465523082e-01,4.618420811847704366e-01
3.706291604465521417e-01,-4.618420811847747665e-01
-5.725490433333684237e-01,1.841301240358244606e-01
5.764758245719188157e-01,1.543373336692147324e-01
5.764758245719200369e-01,-1.543373336692166198e-01
-5.725490433333667584e-01,-1.841301240358258762e-01
5.414973405405247853e-01,2.247204880872045452e-01
5.414973405405243412e-01,-2.247204880872068766e-01
-1.094934931878247530e-01,5.895318455658639101e-01
-2.812942019207737565e-01,5.070882493658913637e-01
-5.252543340431338470e-02,5.908724426760025850e-01
8.004355042707735068e-02,5.887252678376465598e-01
-4.816735508477448247e-01,3.332168113114232222e-01
4.329540431138639844e-01,3.791283101557820778e-01
-4.816735508477421046e-01,-3.332168113114204466e-01
-5.188762467142463697e-01,-2.639678030926704833e-01
-1.094934931878249751e-01,-5.895318455658649093e-01
-5.188762467142453705e-01,2.639678030926733698e-01
8.004355042707871071e-02,-5.887252678376448944e-01
-2.812942019207739786e-01,-5.070882493658920298e-01
-5.252543340431571617e-02,-5.908724426760091353e-01
4.329540431138647061e-01,-3.791283101557804125e-01
5.593377496941102089e-01,-1.003977265447976580e-01
1.223468427608887243e-01,-5.685467918785401809e-01
2.104870729193772938e-01,-5.392039146749881828e-01
4.393519437073203915e-01,-3.416799729133544461e-01
4.564296540274855873e-01,-3.022938586510683368e-01
3.051601055333332813e-01,-4.641665119201839884e-01
2.672359683053388557e-01,-4.936172201215874855e-01
-1.540919984927582587e-01,-5.628032615466084243e-01
5.593377496941124294e-01,1.003977265447994344e-01
4.393519437073192258e-01,3.416799729133557229e-01
4.564296540274847547e-01,3.022938586510681702e-01
2.672359683053343038e-01,4.936172201215817679e-01
3.051601055333316714e-01,4.641665119201867085e-01
2.104870729193757950e-01,5.392039146749800782e-01
-1.540919984927540121e-01,5.628032615466000976e-01
4.239619061384130583e-01,3.347680208599937424e-01
-3.222136587662222662e-01,-4.561515075001201791e-01
-3.222136587662245422e-01,4.561515075001203456e-01
4.239619061384138909e-01,-3.347680208599951301e-01
1.223468427608872394e-01,5.685467918785455099e-01
-3.964274872161869245e-01,3.780593948610732058e-01
-3.964274872161909213e-01,-3.780593948610770361e-01
-2.930339797141177649e-01,4.641679584290178129e-01
-4.081141239894502948e-01,-3.605832483742127947e-01
-4.081141239894465755e-01,3.605832483742106298e-01
-5.394316415523667807e-01,-2.052535310638945454e-01
-5.394316415523717767e-01,2.052535310638916588e-01
-2.930339797141157110e-01,-4.641679584290142047e-01
1.552680569602364891e-01,-5.493819461329421117e-01
1.552680569602393479e-01,5.493819461329483289e-01
-5.631711005417199267e-01,1.193818760152380587e-01
-5.793300100802846186e-01,2.143851711061561111e-02
-5.793300100802866170e-01,-2.143851711061656867e-02
-5.631711005417167071e-01,-1.193818760152390163e-01
-2.135032525000626347e-01,5.197520185943038662e-01
-2.135032525000596648e-01,-5.197520185942979820e-01
1.021445110056883390e-02,5.569369044533161173e-01
-1.095418041514338442e-01,5.438576925450864241e-01
-4.726408799588197041e-01,2.823665804323610695e-01
-4.726408799588229237e-01,-2.823665804323594597e-01
1.021445110056531935e-02,-5.569369044533094559e-01
-4.891803123147516197e-01,2.446172306856162770e-01
-1.543999547005595885e-01,5.201276842070331474e-01
-1.095418041514359953e-01,-5.438576925450853139e-01
-4.891803123147511201e-01,-2.446172306856174428e-01
-2.182016562116486091e-01,4.885559554391398218e-01
5.541672827912860200e-01,-5.479110989757048772e-02
5.541672827912825783e-01,5.479110989757097344e-02
4.876615055533696785e-01,-2.457077796041879925e-01
5.253874534389434414e-01,1.588667771454694289e-01
-5.072951646680731175e-01,1.963076457725224100e-01
5.253874534389425532e-01,-1.588667771454689293e-01
5.483780885365661106e-01,1.834240149111785589e-15
4.876615055533706777e-01,2.457077796041886308e-01
-5.072951646680708970e-01,-1.963076457725214385e-01
3.349115831144296451e-01,-4.159593395033323038e-01
-1.543999547005599493e-01,-5.201276842070365891e-01
3.349115831144280353e-01,4.159593395033294727e-01
3.770499051421336567e-01,3.725265659939728247e-01
3.770499051421349335e-01,-3.725265659939718810e-01
3.030544917643362979e-01,-4.336256944639704791e-01
3.030544917643360758e-01,4.336256944639768074e-01
-5.294964633218882666e-01,1.128620212733951883e-01
-2.182016562116456393e-01,-4.885559554391403769e-01
4.390173564759090596e-01,-2.858525359976333835e-01
4.867676445917443195e-01,2.129874822809975365e-01
4.390173564759153879e-01,2.858525359976353264e-01
-5.294964633218927075e-01,-1.128620212733972838e-01
4.867676445917455408e-01,-2.129874822809990909e-01
-4.153757052098022151e-01,3.026166551737893284e-01
-2.415426007200929120e-02,5.274017585480841319e-01
-4.153757052098039915e-01,-3.026166551737904942e-01
2.119597311011383878e-01,-4.710885824924488374e-01
-2.415426007201083858e-02,-5.274017585480822445e-01
2.119597311011379437e-01,4.710885824924496146e-01
3.825150263276250184e-01,3.345295216079524070e-01
3.825150263276264062e-01,-3.345295216079544609e-01
4.826169433940335485e-01,-1.701036123563905433e-01
4.826169433940326048e-01,1.701036123563886560e-01
5.425404125173730052e-02,5.165732938162715948e-01
5.425404125173646785e-02,-5.165732938162725940e-01
-2.201662061632746192e-01,4.551240691010345896e-01
1.598027225300475973e-01,-4.864954658396636322e-01
-2.201662061632747580e-01,-4.551240691010387529e-01
2.491894147357071876e-01,4.319359790904764851e-01
2.491894147357063272e-01,-4.319359790904738761e-01
-3.399844850066749968e-01,3.463544671416384779e-01
-4.213798753067554137e-01,2.416960825772103971e-01
-3.399844850066739976e-01,-3.463544671416351473e-01
-3.002999784483496026e-01,3.780984244679008732e-01
-4.213798753067513059e-01,-2.416960825772099530e-01
1.598027225300431287e-01,4.864954658396606346e-01
-3.002999784483529333e-01,-3.780984244679079231e-01
5.011066190797239805e-01,-7.292266750373631404e-16
8.031480169651075696e-02,-4.970845968689466821e-01
8.031480169651193657e-02,4.970845968689469596e-01
3.510130451671411578e-01,2.952322336746845965e-01
2.943375141277392304e-01,3.541212196622112174e-01
2.492908553286437012e-01,3.961899938267641752e-01
3.510130451671419349e-01,-2.952322336746884268e-01
2.492908553286436180e-01,-3.961899938267622878e-01
2.943375141277419504e-01,-3.541212196622117170e-01
4.880927801277885614e-01,3.867955545910860965e-02
4.880927801277891720e-01,-3.867955545911055254e-02
4.797824769462094019e-01,7.043057815222268647e-02
4.797824769462102901e-01,-7.043057815222414364e-02
4.484668645783724816e-01,1.813166407478108144e-01
4.484668645783697061e-01,-1.813166407478093434e-01
4.209808556667412605e-01,2.044370379678385474e-01
1.239915791354895408e-01,4.699434595308588092e-01
4.209808556667404278e-01,-2.044370379678389638e-01
1.239915791354892771e-01,-4.699434595308619733e-01
-1.395208138496330762e-02,4.835880194656324016e-01
-4.846912514450814058e-01,1.218063331097222618e-01
-4.846912514450803511e-01,-1.218063331097238439e-01
-6.514934388247199670e-02,4.724855239262611972e-01
4.167650494996713029e-01,1.479115052183378187e-01
-4.962943187803791067e-01,4.757842442764988189e-02
-4.962943187803774414e-01,-4.757842442764918800e-02
-1.395208138496322609e-02,-4.835880194656342335e-01
-1.174540171885350148e-01,4.569005653925646837e-01
3.487036414085599167e-01,2.419509315833751339e-01
1.927108689867960134e-01,4.104951556300791005e-01
-3.229542286400389206e-01,3.198655983933743063e-01
-6.514934388247121955e-02,-4.724855239262580331e-01
2.372468742753598148e-01,3.665956082437283325e-01
4.167650494996743005e-01,-1.479115052183428702e-01
-3.229542286400400308e-01,-3.198655983933759717e-01
-4.915273045078493164e-01,1.636835251579610991e-15
2.212178813387461612e-02,4.604679632531623601e-01
-1.174540171885351120e-01,-4.569005653925636845e-01
-4.216227736467906828e-01,2.130865642440436247e-01
-4.216227736467920151e-01,-2.130865642440447072e-01
1.927108689867961799e-01,-4.104951556300807103e-01
-1.516044835036578220e-01,4.320642284557600354e-01
2.212178813387401591e-02,-4.604679632531582523e-01
2.372468742753564286e-01,-3.665956082437235586e-01
-1.823719383804915661e-01,4.142065622204585407e-01
-1.516044835036563787e-01,-4.320642284557609791e-01
-2.579035860305643468e-01,3.686223355248763323e-01
-1.823719383804923433e-01,-4.142065622204578745e-01
3.487036414085621927e-01,-2.419509315833763552e-01
-3.558663892692465192e-01,2.777823313868460486e-01
-3.558663892692459640e-01,-2.777823313868438837e-01
-2.579035860305610162e-01,-3.686223355248834932e-01
3.184134162974808779e-01,-2.675791888493638249e-01
-2.343908212886716136e-01,3.741578720195083418e-01
-4.718132548290493999e-01,1.096041215326159408e-15
-2.343908212886721687e-01,-3.741578720195051777e-01
-2.829976655475371361e-01,3.277214611086449181e-01
-4.309158127307958774e-01,-1.313107768659004249e-01
-4.309158127307953223e-01,1.313107768658991203e-01
9.507749952490650303e-02,4.352714429067541246e-01
-4.101290947173732437e-01,1.607588570697839891e-01
-4.101290947173717449e-01,-1.607588570697828512e-01
-2.829976655475359149e-01,-3.277214611086434748e-01
9.507749952490648915e-02,-4.352714429067469637e-01
-3.281487541455568313e-01,2.719314062136897192e-01
-4.541919459079559185e-01,1.047046078838021928e-15
-3.281487541455540558e-01,-2.719314062136924948e-01
3.184134162974827653e-01,2.675791888493646575e-01
4.405867859244796958e-01,-1.403426026745531590e-15
-1.026786875411759420e-01,4.232422394045756153e-01
-1.026786875411754146e-01,-4.232422394045736169e-01
-3.354300342636626908e-01,-2.250234480205529908e-01
-3.354300342636616916e-01,2.250234480205518528e-01
-2.784162664443053381e-01,-2.824607669125341336e-01
-2.784162664443052826e-01,2.824607669125310805e-01
-4.284546381980301466e-01,-3.130921705835601476e-02
-4.284546381980295915e-01,3.130921705835634783e-02
4.155199681641204568e-01,5.132871708129912308e-02
4.155199681641255638e-01,-5.132871708129837368e-02
3.960535417140089720e-01,8.022605695088189104e-02
3.862351206335998266e-01,1.108052460478197582e-01
3.862351206336016030e-01,-1.108052460478177459e-01
3.960535417140079728e-01,-8.022605695088130817e-02
3.486472936138920731e-01,1.846627744682156069e-01
3.486472936138894085e-01,-1.846627744682149408e-01
2.209430041352310192e-01,3.334132471053682378e-01
5.265065528592067362e-02,4.183196919474168052e-01
-3.915728918661768865e-01,1.325123376858280966e-01
1.303874981224716623e-01,3.857775712569321280e-01
-7.401824283103275448e-02,4.043473458653523145e-01
2.209430041352301033e-01,-3.334132471053677937e-01
5.265065528592065974e-02,-4.183196919474101438e-01
-3.915728918661741109e-01,-1.325123376858279578e-01
1.303874981224735496e-01,-3.857775712569360693e-01
-7.401824283103201896e-02,-4.043473458653534247e-01
-3.442334194762908250e-02,4.012488909131912695e-01
-3.442334194762829147e-02,-4.012488909131955994e-01
-1.486906396754269499e-01,3.662181515028324896e-01
7.362809988189300547e-02,3.928908029772344435e-01
3.420727552104233515e-01,-1.330719294976964728e-01
3.420727552104254610e-01,1.330719294976962785e-01
7.362809988189102095e-02,-3.928908029772328891e-01
-1.486906396754265058e-01,-3.662181515028352097e-01
-2.001376209971039710e-01,3.283518450863824323e-01
2.351678149961121678e-01,-2.861680472443302037e-01
2.351678149961078657e-01,2.861680472443282053e-01
-2.001376209971023057e-01,-3.283518450863827653e-01
-2.321864181123467763e-01,-2.898777372720793832e-01
-2.321864181123487192e-01,2.898777372720841017e-01
-3.545109751191454772e-01,1.433165021514300752e-01
-3.545109751191417025e-01,-1.433165021514279658e-01
-3.760343578185664781e-01,3.080495697733052346e-02
-3.760343578185641467e-01,-3.080495697733057550e-02
9.617406990425604596e-03,3.700366466760749984e-01
9.617406990424898564e-03,-3.700366466760769413e-01
1.630253431940292819e-01,-3.144744043988240700e-01
-3.621118532936935530e-01,-8.014006508286974917e-02
-3.621118532936930534e-01,8.014006508286884711e-02
1.630253431940274222e-01,3.144744043988236260e-01
1.391711159686870314e-01,3.260562586898233528e-01
1.391711159686886412e-01,-3.260562586898229642e-01
-2.992144487981007739e-01,-1.956289823576733977e-01
-2.992144487980999412e-01,1.956289823576745635e-01
-1.384654406735458532e-01,3.246677839326421178e-01
-2.820719021261282600e-01,-2.031528174164393685e-01
-1.384654406735456311e-01,-3.246677839326385095e-01
-2.820719021261284820e-01,2.031528174164411726e-01
4.089028821270614816e-02,3.552605741251961269e-01
4.089028821270553060e-02,-3.552605741251951277e-01
3.320709569555464480e-01,8.381083515604624556e-02
3.320709569555476137e-01,-8.381083515604759171e-02
3.454840420162246795e-01,5.049739577829066983e-17
2.475868356675482163e-01,-2.066622162097331294e-01
2.897122343466313477e-01,-1.596076346711715888e-01
9.643129471652189810e-02,-3.253314831133073404e-01
9.643129471652217566e-02,3.253314831133059526e-01
2.475868356675485493e-01,2.066622162097337956e-01
2.897122343466317362e-01,1.596076346711710892e-01
-8.801975424400959591e-02,3.139931752300896828e-01
-8.801975424400941550e-02,-3.139931752300874068e-01
3.289510090666225572e-01,5.167546727509049476e-02
1.578056303486447820e-01,2.784867609318355530e-01
1.578056303486453094e-01,-2.784867609318348869e-01
3.289510090666227238e-01,-5.167546727509148008e-02
-2.290345498716545858e-01,2.137228884670543116e-01
-2.410254400318357637e-01,2.022559340480248047e-01
-2.290345498716558348e-01,-2.137228884670544227e-01
-2.410254400318365131e-01,-2.022559340480253598e-01
-1.740286175136378510e-01,2.509747479366420952e-01
-2.842565318212768033e-01,1.215854115708874250e-01
-2.842565318212774139e-01,-1.215854115708885907e-01
-1.740286175136388502e-01,-2.509747479366424838e-01
-2.830980728017599146e-01,8.025075361264678853e-02
-3.064913591030656859e-01,1.336075214643705350e-02
-3.064913591030641316e-01,-1.336075214643697023e-02
-2.830980728017601922e-01,-8.025075361264648321e-02
8.489216775131221138e-02,2.936223481392781220e-01
1.755048840773775765e-01,2.400594990862518208e-01
8.489216775131236403e-02,-2.936223481392752355e-01
1.755048840773768271e-01,-2.400594990862525147e-01
2.807272043338263634e-01,9.355616535785028776e-02
2.181585007566007595e-01,1.921315907917717225e-01
2.973303877672484608e-01,5.029823533264842633e-02
2.181585007566018697e-01,-1.921315907917728605e-01
-3.635807089824880101e-02,2.951538343641000872e-01
2.807272043338248091e-01,-9.355616535785110655e-02
-3.635807089824784344e-02,-2.951538343640979778e-01
1.291302245418901595e-03,2.929504233670899849e-01
1.291302245420369171e-03,-2.929504233670890967e-01
1.523540462403965567e-01,-2.267286804915676635e-01
1.523540462403962514e-01,2.267286804915680243e-01
-1.351604805087507355e-01,2.156388254669628635e-01
2.973303877672491824e-01,-5.029823533264900920e-02
-1.351604805087507633e-01,-2.156388254669614202e-01
1.772981481563462580e-01,-1.781714507969230366e-01
1.772981481563461470e-01,1.781714507969223427e-01
4.041766773493495751e-02,2.622705105328356212e-01
-2.462675952082468978e-01,8.299100729929674569e-02
-2.462675952082466757e-01,-8.299100729929642650e-02
1.054221452831947126e-01,2.253933348246960899e-01
4.041766773493625509e-02,-2.622705105328375641e-01
-5.039919362593416052e-02,2.546902565447989875e-01
-2.632507566451275927e-01,4.494322541459068813e-16
2.252584301025151448e-01,-1.110864898895015107e-01
2.252584301025153390e-01,1.110864898895020381e-01
2.639100117656590361e-01,-1.508689049522316840e-02
2.639100117656588695e-01,1.508689049522305738e-02
-6.874972764289906391e-02,2.412493994009772824e-01
-5.039919362593385521e-02,-2.546902565447990430e-01
1.054221452831946293e-01,-2.253933348246958124e-01
-2.460557425171013834e-01,2.447248982804091366e-02
-2.460557425171013279e-01,-2.447248982804094836e-02
-1.635800844647180008e-01,-1.658609689187949543e-01
-6.874972764289905003e-02,-2.412493994009780873e-01
-1.635800844647183339e-01,1.658609689187957315e-01
1.336218116973358905e-02,2.216251713529272527e-01
-2.413641715920843978e-01,4.007211229506424388e-16
1.838310308050806474e-01,1.221724282955528040e-01
1.838310308050818132e-01,-1.221724282955529012e-01
-1.869563062755567051e-01,8.095725515903393066e-02
1.336218116973369834e-02,-2.216251713529272249e-01
-1.869563062755559002e-01,-8.095725515903380576e-02
5.771995803247474688e-02,1.978216919971328980e-01
2.092860734162748371e-01,-2.243273080531286295e-02
-2.056749289843342321e-01,1.271510894266451520e-17
2.092860734162740322e-01,2.243273080531282479e-02
5.771995803247487872e-02,-1.978216919971324261e-01
1.677382472770305999e-01,1.179095676682879318e-01
1.677382472770303778e-01,-1.179095676682870159e-01
-9.210602693736663626e-02,1.717554933236343506e-01
-1.402499228987824087e-01,-1.242517741949952098e-01
-1.402499228987822144e-01,1.242517741949949878e-01
-9.210602693736642810e-02,-1.717554933236331571e-01
9.335954826801723394e-02,1.601772419196087482e-01
9.335954826801734496e-02,-1.601772419196094421e-01
-1.247840454284801365e-01,-1.385612632141083600e-01
-1.247840454284814549e-01,1.385612632141103584e-01
1.250966872125009455e-01,-1.271802987046230793e-01
1.250966872125004181e-01,1.271802987046228295e-01
1.534241041199423672e-01,-1.739982750379260451e-02
1.534241041199422562e-01,1.739982750379309370e-02
-7.935214529426790064e-02,-1.375772510826078210e-01
-7.935214529426751207e-02,1.375772510826082928e-01
1.271645977056347632e-01,-8.357146355246650171e-02
1.271645977056360122e-01,8.357146355246784786e-02
-2.092960748847825028e-02,1.500022692695221760e-01
-6.544795364282850192e-02,1.351634072009102183e-01
-6.544795364282887662e-02,-1.351634072009103571e-01
3.209441472241863613e-03,-1.589378657066198852e-01
-2.092960748847820171e-02,-1.500022692695228976e-01
-1.008964776217678300e-01,-4.071955082723819480e-02
-1.115574241826448182e-01,3.008267578707240399e-16
-1.008964776217683573e-01,4.071955082723818092e-02
3.209441472241820678e-03,1.589378657066196077e-01
1.054519699034403984e-01,-1.353084311261909534e-16
3.107663028772468874e-02,9.676860775126758241e-02
3.107663028772450139e-02,-9.676860775126724934e-02
5.043272240893517666e-02,6.430584862255966927e-02
5.043272240893505176e-02,-6.430584862255962764e-02
-8.052044399125250773e-02,1.722649485678471801e-02
-8.052044399125250773e-02,-1.722649485678464862e-02
-4.016227888188696193e-02,3.549337595225234704e-02
-4.016227888188710765e-02,-3.549337595225240949e-02
2.505988759891849063e-02,-4.277076421438765541e-17
-3.431147480075176504e-02,-4.541282108823293335e-17
1.664278236888816877e-03,4.222786835442593435e-18
